timestamp,Value (counter),container_id,name
15:15:36.104,61006529243.000000,1bc7b6987d7e,nxf-cPB62cVKMj0A2W3ZgiyXeXAy
15:15:36.604,61006529243.000000,1bc7b6987d7e,nxf-cPB62cVKMj0A2W3ZgiyXeXAy
15:15:37.104,61006529243.000000,1bc7b6987d7e,nxf-cPB62cVKMj0A2W3ZgiyXeXAy
15:15:37.604,1264240781781.000000,1bc7b6987d7e,nxf-cPB62cVKMj0A2W3ZgiyXeXAy
15:15:38.104,1264240781781.000000,1bc7b6987d7e,nxf-cPB62cVKMj0A2W3ZgiyXeXAy
15:15:38.604,1264240781781.000000,1bc7b6987d7e,nxf-cPB62cVKMj0A2W3ZgiyXeXAy
15:15:39.104,1264240781781.000000,1bc7b6987d7e,nxf-cPB62cVKMj0A2W3ZgiyXeXAy
15:15:39.604,1264240781781.000000,1bc7b6987d7e,nxf-cPB62cVKMj0A2W3ZgiyXeXAy
15:15:40.104,1264240781781.000000,1bc7b6987d7e,nxf-cPB62cVKMj0A2W3ZgiyXeXAy
15:15:40.604,1264240781781.000000,1bc7b6987d7e,nxf-cPB62cVKMj0A2W3ZgiyXeXAy
15:15:41.104,1264240781781.000000,1bc7b6987d7e,nxf-cPB62cVKMj0A2W3ZgiyXeXAy
15:15:41.604,1264240781781.000000,1bc7b6987d7e,nxf-cPB62cVKMj0A2W3ZgiyXeXAy
15:15:42.104,1264240781781.000000,1bc7b6987d7e,nxf-cPB62cVKMj0A2W3ZgiyXeXAy
15:15:42.604,1264240781781.000000,1bc7b6987d7e,nxf-cPB62cVKMj0A2W3ZgiyXeXAy
15:15:43.104,1264240781781.000000,1bc7b6987d7e,nxf-cPB62cVKMj0A2W3ZgiyXeXAy
15:15:43.604,1264240781781.000000,1bc7b6987d7e,nxf-cPB62cVKMj0A2W3ZgiyXeXAy
15:15:44.104,1264240781781.000000,1bc7b6987d7e,nxf-cPB62cVKMj0A2W3ZgiyXeXAy
15:15:44.604,1264240781781.000000,1bc7b6987d7e,nxf-cPB62cVKMj0A2W3ZgiyXeXAy
15:15:45.104,1264240781781.000000,1bc7b6987d7e,nxf-cPB62cVKMj0A2W3ZgiyXeXAy
15:15:45.604,1264240781781.000000,1bc7b6987d7e,nxf-cPB62cVKMj0A2W3ZgiyXeXAy
15:15:46.104,1264240781781.000000,1bc7b6987d7e,nxf-cPB62cVKMj0A2W3ZgiyXeXAy
15:15:46.604,1264240781781.000000,1bc7b6987d7e,nxf-cPB62cVKMj0A2W3ZgiyXeXAy
15:15:47.104,1264240781781.000000,1bc7b6987d7e,nxf-cPB62cVKMj0A2W3ZgiyXeXAy
15:15:47.604,1264240781781.000000,1bc7b6987d7e,nxf-cPB62cVKMj0A2W3ZgiyXeXAy
15:15:48.104,1264240781781.000000,1bc7b6987d7e,nxf-cPB62cVKMj0A2W3ZgiyXeXAy
15:15:48.604,1264240781781.000000,1bc7b6987d7e,nxf-cPB62cVKMj0A2W3ZgiyXeXAy
15:15:49.104,1264240781781.000000,1bc7b6987d7e,nxf-cPB62cVKMj0A2W3ZgiyXeXAy
15:15:49.604,1264240781781.000000,1bc7b6987d7e,nxf-cPB62cVKMj0A2W3ZgiyXeXAy
15:15:50.104,1264240781781.000000,1bc7b6987d7e,nxf-cPB62cVKMj0A2W3ZgiyXeXAy
15:15:50.604,1264240781781.000000,1bc7b6987d7e,nxf-cPB62cVKMj0A2W3ZgiyXeXAy
15:15:51.104,1264240781781.000000,1bc7b6987d7e,nxf-cPB62cVKMj0A2W3ZgiyXeXAy
15:15:51.604,1264240781781.000000,1bc7b6987d7e,nxf-cPB62cVKMj0A2W3ZgiyXeXAy
15:15:52.104,1264240781781.000000,1bc7b6987d7e,nxf-cPB62cVKMj0A2W3ZgiyXeXAy
15:15:52.604,1264240781781.000000,1bc7b6987d7e,nxf-cPB62cVKMj0A2W3ZgiyXeXAy
15:15:53.104,1264240781781.000000,1bc7b6987d7e,nxf-cPB62cVKMj0A2W3ZgiyXeXAy
15:15:53.604,1264240781781.000000,1bc7b6987d7e,nxf-cPB62cVKMj0A2W3ZgiyXeXAy
15:15:54.104,1264240781781.000000,1bc7b6987d7e,nxf-cPB62cVKMj0A2W3ZgiyXeXAy
15:15:54.604,1264240781781.000000,1bc7b6987d7e,nxf-cPB62cVKMj0A2W3ZgiyXeXAy
15:15:55.104,1264240781781.000000,1bc7b6987d7e,nxf-cPB62cVKMj0A2W3ZgiyXeXAy
15:15:55.604,1264240781781.000000,1bc7b6987d7e,nxf-cPB62cVKMj0A2W3ZgiyXeXAy
15:15:56.104,1264240781781.000000,1bc7b6987d7e,nxf-cPB62cVKMj0A2W3ZgiyXeXAy
15:15:56.604,1264240781781.000000,1bc7b6987d7e,nxf-cPB62cVKMj0A2W3ZgiyXeXAy
15:15:57.104,1264240781781.000000,1bc7b6987d7e,nxf-cPB62cVKMj0A2W3ZgiyXeXAy
15:15:57.604,1264240781781.000000,1bc7b6987d7e,nxf-cPB62cVKMj0A2W3ZgiyXeXAy
15:15:58.104,1264240781781.000000,1bc7b6987d7e,nxf-cPB62cVKMj0A2W3ZgiyXeXAy
15:15:58.604,1264240781781.000000,1bc7b6987d7e,nxf-cPB62cVKMj0A2W3ZgiyXeXAy
15:15:59.104,1264240781781.000000,1bc7b6987d7e,nxf-cPB62cVKMj0A2W3ZgiyXeXAy
15:15:59.604,1264240781781.000000,1bc7b6987d7e,nxf-cPB62cVKMj0A2W3ZgiyXeXAy
15:16:00.104,1264240781781.000000,1bc7b6987d7e,nxf-cPB62cVKMj0A2W3ZgiyXeXAy
15:16:00.604,1264240781781.000000,1bc7b6987d7e,nxf-cPB62cVKMj0A2W3ZgiyXeXAy
15:16:01.104,1264240781781.000000,1bc7b6987d7e,nxf-cPB62cVKMj0A2W3ZgiyXeXAy
15:16:01.604,1264240781781.000000,1bc7b6987d7e,nxf-cPB62cVKMj0A2W3ZgiyXeXAy
15:16:02.104,1264240781781.000000,1bc7b6987d7e,nxf-cPB62cVKMj0A2W3ZgiyXeXAy
15:16:02.604,1264240781781.000000,1bc7b6987d7e,nxf-cPB62cVKMj0A2W3ZgiyXeXAy
15:16:03.104,1264240781781.000000,1bc7b6987d7e,nxf-cPB62cVKMj0A2W3ZgiyXeXAy
15:16:03.604,1264240781781.000000,1bc7b6987d7e,nxf-cPB62cVKMj0A2W3ZgiyXeXAy
15:16:04.104,1264240781781.000000,1bc7b6987d7e,nxf-cPB62cVKMj0A2W3ZgiyXeXAy
15:16:04.604,1264240781781.000000,1bc7b6987d7e,nxf-cPB62cVKMj0A2W3ZgiyXeXAy
15:16:05.104,1264240781781.000000,1bc7b6987d7e,nxf-cPB62cVKMj0A2W3ZgiyXeXAy
15:16:05.604,1264240781781.000000,1bc7b6987d7e,nxf-cPB62cVKMj0A2W3ZgiyXeXAy
15:16:06.104,1264240781781.000000,1bc7b6987d7e,nxf-cPB62cVKMj0A2W3ZgiyXeXAy
15:16:06.604,1264240781781.000000,1bc7b6987d7e,nxf-cPB62cVKMj0A2W3ZgiyXeXAy
15:16:07.104,1264240781781.000000,1bc7b6987d7e,nxf-cPB62cVKMj0A2W3ZgiyXeXAy
15:16:07.604,1264240781781.000000,1bc7b6987d7e,nxf-cPB62cVKMj0A2W3ZgiyXeXAy
15:16:08.104,1264240781781.000000,1bc7b6987d7e,nxf-cPB62cVKMj0A2W3ZgiyXeXAy
15:16:08.604,1264240781781.000000,1bc7b6987d7e,nxf-cPB62cVKMj0A2W3ZgiyXeXAy
15:16:09.104,1264240781781.000000,1bc7b6987d7e,nxf-cPB62cVKMj0A2W3ZgiyXeXAy
15:16:09.604,1264240781781.000000,1bc7b6987d7e,nxf-cPB62cVKMj0A2W3ZgiyXeXAy
15:16:10.104,1264240781781.000000,1bc7b6987d7e,nxf-cPB62cVKMj0A2W3ZgiyXeXAy
15:16:10.604,1264240781781.000000,1bc7b6987d7e,nxf-cPB62cVKMj0A2W3ZgiyXeXAy
15:16:11.104,1264240781781.000000,1bc7b6987d7e,nxf-cPB62cVKMj0A2W3ZgiyXeXAy
15:16:11.604,1264240781781.000000,1bc7b6987d7e,nxf-cPB62cVKMj0A2W3ZgiyXeXAy
15:16:12.104,1264240781781.000000,1bc7b6987d7e,nxf-cPB62cVKMj0A2W3ZgiyXeXAy
15:16:12.604,1264240781781.000000,1bc7b6987d7e,nxf-cPB62cVKMj0A2W3ZgiyXeXAy
15:16:13.104,1264240781781.000000,1bc7b6987d7e,nxf-cPB62cVKMj0A2W3ZgiyXeXAy
15:16:13.604,1264240781781.000000,1bc7b6987d7e,nxf-cPB62cVKMj0A2W3ZgiyXeXAy
15:16:14.104,1264240781781.000000,1bc7b6987d7e,nxf-cPB62cVKMj0A2W3ZgiyXeXAy
15:16:14.604,1264240781781.000000,1bc7b6987d7e,nxf-cPB62cVKMj0A2W3ZgiyXeXAy
15:16:15.104,1264240781781.000000,1bc7b6987d7e,nxf-cPB62cVKMj0A2W3ZgiyXeXAy
15:16:15.604,1264240781781.000000,1bc7b6987d7e,nxf-cPB62cVKMj0A2W3ZgiyXeXAy
15:16:16.104,1264240781781.000000,1bc7b6987d7e,nxf-cPB62cVKMj0A2W3ZgiyXeXAy
15:16:16.604,1264240781781.000000,1bc7b6987d7e,nxf-cPB62cVKMj0A2W3ZgiyXeXAy
15:16:17.104,1264240781781.000000,1bc7b6987d7e,nxf-cPB62cVKMj0A2W3ZgiyXeXAy
15:15:36.118,3385406987.000000,270a91d490bf,nxf-8HEIDLPLcFSgNV2onUEea8wK
15:15:36.618,3385406987.000000,270a91d490bf,nxf-8HEIDLPLcFSgNV2onUEea8wK
15:15:37.118,3385406987.000000,270a91d490bf,nxf-8HEIDLPLcFSgNV2onUEea8wK
15:15:37.618,22511007856.000000,270a91d490bf,nxf-8HEIDLPLcFSgNV2onUEea8wK
15:15:38.118,22511007856.000000,270a91d490bf,nxf-8HEIDLPLcFSgNV2onUEea8wK
15:15:38.618,22511007856.000000,270a91d490bf,nxf-8HEIDLPLcFSgNV2onUEea8wK
15:15:39.118,22511007856.000000,270a91d490bf,nxf-8HEIDLPLcFSgNV2onUEea8wK
15:15:39.618,22511007856.000000,270a91d490bf,nxf-8HEIDLPLcFSgNV2onUEea8wK
15:15:40.118,22511007856.000000,270a91d490bf,nxf-8HEIDLPLcFSgNV2onUEea8wK
15:15:40.618,22511007856.000000,270a91d490bf,nxf-8HEIDLPLcFSgNV2onUEea8wK
15:15:41.118,22511007856.000000,270a91d490bf,nxf-8HEIDLPLcFSgNV2onUEea8wK
15:15:41.618,22511007856.000000,270a91d490bf,nxf-8HEIDLPLcFSgNV2onUEea8wK
15:15:42.118,22511007856.000000,270a91d490bf,nxf-8HEIDLPLcFSgNV2onUEea8wK
15:15:42.618,22511007856.000000,270a91d490bf,nxf-8HEIDLPLcFSgNV2onUEea8wK
15:15:43.118,22511007856.000000,270a91d490bf,nxf-8HEIDLPLcFSgNV2onUEea8wK
15:15:43.618,22511007856.000000,270a91d490bf,nxf-8HEIDLPLcFSgNV2onUEea8wK
15:15:44.118,22511007856.000000,270a91d490bf,nxf-8HEIDLPLcFSgNV2onUEea8wK
15:15:44.618,22511007856.000000,270a91d490bf,nxf-8HEIDLPLcFSgNV2onUEea8wK
15:15:45.118,22511007856.000000,270a91d490bf,nxf-8HEIDLPLcFSgNV2onUEea8wK
15:15:45.618,22511007856.000000,270a91d490bf,nxf-8HEIDLPLcFSgNV2onUEea8wK
15:15:46.118,22511007856.000000,270a91d490bf,nxf-8HEIDLPLcFSgNV2onUEea8wK
15:15:46.618,22511007856.000000,270a91d490bf,nxf-8HEIDLPLcFSgNV2onUEea8wK
15:15:47.118,22511007856.000000,270a91d490bf,nxf-8HEIDLPLcFSgNV2onUEea8wK
15:15:47.618,22511007856.000000,270a91d490bf,nxf-8HEIDLPLcFSgNV2onUEea8wK
15:15:48.118,22511007856.000000,270a91d490bf,nxf-8HEIDLPLcFSgNV2onUEea8wK
15:15:48.618,22511007856.000000,270a91d490bf,nxf-8HEIDLPLcFSgNV2onUEea8wK
15:15:49.118,22511007856.000000,270a91d490bf,nxf-8HEIDLPLcFSgNV2onUEea8wK
15:15:49.618,22511007856.000000,270a91d490bf,nxf-8HEIDLPLcFSgNV2onUEea8wK
15:15:50.118,22511007856.000000,270a91d490bf,nxf-8HEIDLPLcFSgNV2onUEea8wK
15:15:50.618,22511007856.000000,270a91d490bf,nxf-8HEIDLPLcFSgNV2onUEea8wK
15:15:51.118,22511007856.000000,270a91d490bf,nxf-8HEIDLPLcFSgNV2onUEea8wK
15:15:51.618,22511007856.000000,270a91d490bf,nxf-8HEIDLPLcFSgNV2onUEea8wK
15:15:52.118,22511007856.000000,270a91d490bf,nxf-8HEIDLPLcFSgNV2onUEea8wK
15:15:52.618,22511007856.000000,270a91d490bf,nxf-8HEIDLPLcFSgNV2onUEea8wK
15:15:53.118,22511007856.000000,270a91d490bf,nxf-8HEIDLPLcFSgNV2onUEea8wK
15:15:53.618,22511007856.000000,270a91d490bf,nxf-8HEIDLPLcFSgNV2onUEea8wK
15:15:54.118,22511007856.000000,270a91d490bf,nxf-8HEIDLPLcFSgNV2onUEea8wK
15:15:54.618,22511007856.000000,270a91d490bf,nxf-8HEIDLPLcFSgNV2onUEea8wK
15:15:55.118,22511007856.000000,270a91d490bf,nxf-8HEIDLPLcFSgNV2onUEea8wK
15:15:55.618,22511007856.000000,270a91d490bf,nxf-8HEIDLPLcFSgNV2onUEea8wK
15:15:56.118,22511007856.000000,270a91d490bf,nxf-8HEIDLPLcFSgNV2onUEea8wK
15:15:56.618,22511007856.000000,270a91d490bf,nxf-8HEIDLPLcFSgNV2onUEea8wK
15:15:57.118,22511007856.000000,270a91d490bf,nxf-8HEIDLPLcFSgNV2onUEea8wK
15:15:57.618,22511007856.000000,270a91d490bf,nxf-8HEIDLPLcFSgNV2onUEea8wK
15:15:58.118,22511007856.000000,270a91d490bf,nxf-8HEIDLPLcFSgNV2onUEea8wK
15:15:58.618,22511007856.000000,270a91d490bf,nxf-8HEIDLPLcFSgNV2onUEea8wK
15:15:59.118,22511007856.000000,270a91d490bf,nxf-8HEIDLPLcFSgNV2onUEea8wK
15:15:59.618,22511007856.000000,270a91d490bf,nxf-8HEIDLPLcFSgNV2onUEea8wK
15:16:00.118,22511007856.000000,270a91d490bf,nxf-8HEIDLPLcFSgNV2onUEea8wK
15:16:00.618,22511007856.000000,270a91d490bf,nxf-8HEIDLPLcFSgNV2onUEea8wK
15:16:01.118,22511007856.000000,270a91d490bf,nxf-8HEIDLPLcFSgNV2onUEea8wK
15:16:01.618,22511007856.000000,270a91d490bf,nxf-8HEIDLPLcFSgNV2onUEea8wK
15:16:02.118,22511007856.000000,270a91d490bf,nxf-8HEIDLPLcFSgNV2onUEea8wK
15:16:02.618,22511007856.000000,270a91d490bf,nxf-8HEIDLPLcFSgNV2onUEea8wK
15:16:03.118,22511007856.000000,270a91d490bf,nxf-8HEIDLPLcFSgNV2onUEea8wK
15:16:03.618,22511007856.000000,270a91d490bf,nxf-8HEIDLPLcFSgNV2onUEea8wK
15:16:04.118,22511007856.000000,270a91d490bf,nxf-8HEIDLPLcFSgNV2onUEea8wK
15:16:04.618,22511007856.000000,270a91d490bf,nxf-8HEIDLPLcFSgNV2onUEea8wK
15:16:05.118,22511007856.000000,270a91d490bf,nxf-8HEIDLPLcFSgNV2onUEea8wK
15:16:05.618,22511007856.000000,270a91d490bf,nxf-8HEIDLPLcFSgNV2onUEea8wK
15:16:06.118,22511007856.000000,270a91d490bf,nxf-8HEIDLPLcFSgNV2onUEea8wK
15:16:06.618,22511007856.000000,270a91d490bf,nxf-8HEIDLPLcFSgNV2onUEea8wK
15:16:07.118,22511007856.000000,270a91d490bf,nxf-8HEIDLPLcFSgNV2onUEea8wK
15:16:07.618,22511007856.000000,270a91d490bf,nxf-8HEIDLPLcFSgNV2onUEea8wK
15:16:08.118,22511007856.000000,270a91d490bf,nxf-8HEIDLPLcFSgNV2onUEea8wK
15:16:08.618,22511007856.000000,270a91d490bf,nxf-8HEIDLPLcFSgNV2onUEea8wK
15:16:09.118,22511007856.000000,270a91d490bf,nxf-8HEIDLPLcFSgNV2onUEea8wK
15:16:09.618,22511007856.000000,270a91d490bf,nxf-8HEIDLPLcFSgNV2onUEea8wK
15:16:10.118,22511007856.000000,270a91d490bf,nxf-8HEIDLPLcFSgNV2onUEea8wK
15:16:10.618,22511007856.000000,270a91d490bf,nxf-8HEIDLPLcFSgNV2onUEea8wK
15:16:11.118,22511007856.000000,270a91d490bf,nxf-8HEIDLPLcFSgNV2onUEea8wK
15:16:11.618,22511007856.000000,270a91d490bf,nxf-8HEIDLPLcFSgNV2onUEea8wK
15:16:12.118,22511007856.000000,270a91d490bf,nxf-8HEIDLPLcFSgNV2onUEea8wK
15:16:12.618,22511007856.000000,270a91d490bf,nxf-8HEIDLPLcFSgNV2onUEea8wK
15:16:13.118,22511007856.000000,270a91d490bf,nxf-8HEIDLPLcFSgNV2onUEea8wK
15:16:13.618,22511007856.000000,270a91d490bf,nxf-8HEIDLPLcFSgNV2onUEea8wK
15:16:14.118,22511007856.000000,270a91d490bf,nxf-8HEIDLPLcFSgNV2onUEea8wK
15:16:14.618,22511007856.000000,270a91d490bf,nxf-8HEIDLPLcFSgNV2onUEea8wK
15:16:15.118,22511007856.000000,270a91d490bf,nxf-8HEIDLPLcFSgNV2onUEea8wK
15:16:15.618,22511007856.000000,270a91d490bf,nxf-8HEIDLPLcFSgNV2onUEea8wK
15:16:16.118,22511007856.000000,270a91d490bf,nxf-8HEIDLPLcFSgNV2onUEea8wK
15:16:16.618,22511007856.000000,270a91d490bf,nxf-8HEIDLPLcFSgNV2onUEea8wK
15:16:17.118,22511007856.000000,270a91d490bf,nxf-8HEIDLPLcFSgNV2onUEea8wK
15:16:17.618,22511007856.000000,270a91d490bf,nxf-8HEIDLPLcFSgNV2onUEea8wK
15:15:36.102,25483109423.000000,e3f9fa69e3d8,nxf-0X0tQJagkeWOAir2jS124FfK
15:15:36.602,25483109423.000000,e3f9fa69e3d8,nxf-0X0tQJagkeWOAir2jS124FfK
15:15:37.102,25483109423.000000,e3f9fa69e3d8,nxf-0X0tQJagkeWOAir2jS124FfK
15:15:37.602,198719087576.000000,e3f9fa69e3d8,nxf-0X0tQJagkeWOAir2jS124FfK
15:15:38.102,198719087576.000000,e3f9fa69e3d8,nxf-0X0tQJagkeWOAir2jS124FfK
15:15:38.602,198719087576.000000,e3f9fa69e3d8,nxf-0X0tQJagkeWOAir2jS124FfK
15:15:39.102,198719087576.000000,e3f9fa69e3d8,nxf-0X0tQJagkeWOAir2jS124FfK
15:15:39.602,198719087576.000000,e3f9fa69e3d8,nxf-0X0tQJagkeWOAir2jS124FfK
15:15:40.102,198719087576.000000,e3f9fa69e3d8,nxf-0X0tQJagkeWOAir2jS124FfK
15:15:40.602,198719087576.000000,e3f9fa69e3d8,nxf-0X0tQJagkeWOAir2jS124FfK
15:15:41.102,198719087576.000000,e3f9fa69e3d8,nxf-0X0tQJagkeWOAir2jS124FfK
15:15:41.602,198719087576.000000,e3f9fa69e3d8,nxf-0X0tQJagkeWOAir2jS124FfK
15:15:42.102,198719087576.000000,e3f9fa69e3d8,nxf-0X0tQJagkeWOAir2jS124FfK
15:15:42.602,198719087576.000000,e3f9fa69e3d8,nxf-0X0tQJagkeWOAir2jS124FfK
15:15:43.102,198719087576.000000,e3f9fa69e3d8,nxf-0X0tQJagkeWOAir2jS124FfK
15:15:43.602,198719087576.000000,e3f9fa69e3d8,nxf-0X0tQJagkeWOAir2jS124FfK
15:15:44.102,198719087576.000000,e3f9fa69e3d8,nxf-0X0tQJagkeWOAir2jS124FfK
15:15:44.602,198719087576.000000,e3f9fa69e3d8,nxf-0X0tQJagkeWOAir2jS124FfK
15:15:45.102,198719087576.000000,e3f9fa69e3d8,nxf-0X0tQJagkeWOAir2jS124FfK
15:15:45.602,198719087576.000000,e3f9fa69e3d8,nxf-0X0tQJagkeWOAir2jS124FfK
15:15:46.102,198719087576.000000,e3f9fa69e3d8,nxf-0X0tQJagkeWOAir2jS124FfK
15:15:46.602,198719087576.000000,e3f9fa69e3d8,nxf-0X0tQJagkeWOAir2jS124FfK
15:15:47.102,198719087576.000000,e3f9fa69e3d8,nxf-0X0tQJagkeWOAir2jS124FfK
15:15:47.602,198719087576.000000,e3f9fa69e3d8,nxf-0X0tQJagkeWOAir2jS124FfK
15:15:48.102,198719087576.000000,e3f9fa69e3d8,nxf-0X0tQJagkeWOAir2jS124FfK
15:15:48.602,198719087576.000000,e3f9fa69e3d8,nxf-0X0tQJagkeWOAir2jS124FfK
15:15:49.102,198719087576.000000,e3f9fa69e3d8,nxf-0X0tQJagkeWOAir2jS124FfK
15:15:49.602,198719087576.000000,e3f9fa69e3d8,nxf-0X0tQJagkeWOAir2jS124FfK
15:15:50.102,198719087576.000000,e3f9fa69e3d8,nxf-0X0tQJagkeWOAir2jS124FfK
15:15:50.602,198719087576.000000,e3f9fa69e3d8,nxf-0X0tQJagkeWOAir2jS124FfK
15:15:51.102,198719087576.000000,e3f9fa69e3d8,nxf-0X0tQJagkeWOAir2jS124FfK
15:15:51.602,198719087576.000000,e3f9fa69e3d8,nxf-0X0tQJagkeWOAir2jS124FfK
15:15:52.102,198719087576.000000,e3f9fa69e3d8,nxf-0X0tQJagkeWOAir2jS124FfK
15:15:52.602,198719087576.000000,e3f9fa69e3d8,nxf-0X0tQJagkeWOAir2jS124FfK
15:15:53.102,198719087576.000000,e3f9fa69e3d8,nxf-0X0tQJagkeWOAir2jS124FfK
15:15:53.602,198719087576.000000,e3f9fa69e3d8,nxf-0X0tQJagkeWOAir2jS124FfK
15:15:54.102,198719087576.000000,e3f9fa69e3d8,nxf-0X0tQJagkeWOAir2jS124FfK
15:15:54.602,198719087576.000000,e3f9fa69e3d8,nxf-0X0tQJagkeWOAir2jS124FfK
15:15:55.102,198719087576.000000,e3f9fa69e3d8,nxf-0X0tQJagkeWOAir2jS124FfK
15:15:55.602,198719087576.000000,e3f9fa69e3d8,nxf-0X0tQJagkeWOAir2jS124FfK
15:15:56.102,198719087576.000000,e3f9fa69e3d8,nxf-0X0tQJagkeWOAir2jS124FfK
15:15:56.602,198719087576.000000,e3f9fa69e3d8,nxf-0X0tQJagkeWOAir2jS124FfK
15:15:57.102,198719087576.000000,e3f9fa69e3d8,nxf-0X0tQJagkeWOAir2jS124FfK
15:15:57.602,198719087576.000000,e3f9fa69e3d8,nxf-0X0tQJagkeWOAir2jS124FfK
15:15:58.102,198719087576.000000,e3f9fa69e3d8,nxf-0X0tQJagkeWOAir2jS124FfK
15:15:58.602,198719087576.000000,e3f9fa69e3d8,nxf-0X0tQJagkeWOAir2jS124FfK
15:15:59.102,198719087576.000000,e3f9fa69e3d8,nxf-0X0tQJagkeWOAir2jS124FfK
15:15:59.602,198719087576.000000,e3f9fa69e3d8,nxf-0X0tQJagkeWOAir2jS124FfK
15:16:00.102,198719087576.000000,e3f9fa69e3d8,nxf-0X0tQJagkeWOAir2jS124FfK
15:16:00.602,198719087576.000000,e3f9fa69e3d8,nxf-0X0tQJagkeWOAir2jS124FfK
15:16:01.102,198719087576.000000,e3f9fa69e3d8,nxf-0X0tQJagkeWOAir2jS124FfK
15:16:01.602,198719087576.000000,e3f9fa69e3d8,nxf-0X0tQJagkeWOAir2jS124FfK
15:16:02.102,198719087576.000000,e3f9fa69e3d8,nxf-0X0tQJagkeWOAir2jS124FfK
15:16:02.602,198719087576.000000,e3f9fa69e3d8,nxf-0X0tQJagkeWOAir2jS124FfK
15:16:03.102,198719087576.000000,e3f9fa69e3d8,nxf-0X0tQJagkeWOAir2jS124FfK
15:16:03.602,198719087576.000000,e3f9fa69e3d8,nxf-0X0tQJagkeWOAir2jS124FfK
15:16:04.102,198719087576.000000,e3f9fa69e3d8,nxf-0X0tQJagkeWOAir2jS124FfK
15:16:04.602,198719087576.000000,e3f9fa69e3d8,nxf-0X0tQJagkeWOAir2jS124FfK
15:16:05.102,198719087576.000000,e3f9fa69e3d8,nxf-0X0tQJagkeWOAir2jS124FfK
15:16:05.602,198719087576.000000,e3f9fa69e3d8,nxf-0X0tQJagkeWOAir2jS124FfK
15:16:06.102,198719087576.000000,e3f9fa69e3d8,nxf-0X0tQJagkeWOAir2jS124FfK
15:16:06.602,198719087576.000000,e3f9fa69e3d8,nxf-0X0tQJagkeWOAir2jS124FfK
15:16:07.102,198719087576.000000,e3f9fa69e3d8,nxf-0X0tQJagkeWOAir2jS124FfK
15:16:07.602,198719087576.000000,e3f9fa69e3d8,nxf-0X0tQJagkeWOAir2jS124FfK
15:16:08.102,198719087576.000000,e3f9fa69e3d8,nxf-0X0tQJagkeWOAir2jS124FfK
15:16:08.602,198719087576.000000,e3f9fa69e3d8,nxf-0X0tQJagkeWOAir2jS124FfK
15:16:09.102,198719087576.000000,e3f9fa69e3d8,nxf-0X0tQJagkeWOAir2jS124FfK
15:16:09.602,198719087576.000000,e3f9fa69e3d8,nxf-0X0tQJagkeWOAir2jS124FfK
15:16:10.102,198719087576.000000,e3f9fa69e3d8,nxf-0X0tQJagkeWOAir2jS124FfK
15:16:10.602,198719087576.000000,e3f9fa69e3d8,nxf-0X0tQJagkeWOAir2jS124FfK
15:16:11.102,198719087576.000000,e3f9fa69e3d8,nxf-0X0tQJagkeWOAir2jS124FfK
15:16:11.602,198719087576.000000,e3f9fa69e3d8,nxf-0X0tQJagkeWOAir2jS124FfK
15:16:12.102,198719087576.000000,e3f9fa69e3d8,nxf-0X0tQJagkeWOAir2jS124FfK
15:16:12.602,198719087576.000000,e3f9fa69e3d8,nxf-0X0tQJagkeWOAir2jS124FfK
15:16:13.102,198719087576.000000,e3f9fa69e3d8,nxf-0X0tQJagkeWOAir2jS124FfK
15:16:13.602,198719087576.000000,e3f9fa69e3d8,nxf-0X0tQJagkeWOAir2jS124FfK
15:16:14.102,198719087576.000000,e3f9fa69e3d8,nxf-0X0tQJagkeWOAir2jS124FfK
15:16:14.602,198719087576.000000,e3f9fa69e3d8,nxf-0X0tQJagkeWOAir2jS124FfK
15:16:15.102,198719087576.000000,e3f9fa69e3d8,nxf-0X0tQJagkeWOAir2jS124FfK
15:16:15.602,198719087576.000000,e3f9fa69e3d8,nxf-0X0tQJagkeWOAir2jS124FfK
15:16:16.102,198719087576.000000,e3f9fa69e3d8,nxf-0X0tQJagkeWOAir2jS124FfK
15:16:16.602,198719087576.000000,e3f9fa69e3d8,nxf-0X0tQJagkeWOAir2jS124FfK
15:16:17.102,198719087576.000000,e3f9fa69e3d8,nxf-0X0tQJagkeWOAir2jS124FfK
15:16:17.602,198719087576.000000,e3f9fa69e3d8,nxf-0X0tQJagkeWOAir2jS124FfK
15:16:18.102,198719087576.000000,e3f9fa69e3d8,nxf-0X0tQJagkeWOAir2jS124FfK
15:16:18.602,198719087576.000000,e3f9fa69e3d8,nxf-0X0tQJagkeWOAir2jS124FfK
15:15:41.607,1215164914769.000000,f85b17c1b929,nxf-TrD9qyudd3YDIKNfgNkKpu9H
15:15:42.107,1215164914769.000000,f85b17c1b929,nxf-TrD9qyudd3YDIKNfgNkKpu9H
15:15:42.607,1215164914769.000000,f85b17c1b929,nxf-TrD9qyudd3YDIKNfgNkKpu9H
15:15:43.107,1215164914769.000000,f85b17c1b929,nxf-TrD9qyudd3YDIKNfgNkKpu9H
15:15:43.607,1215164914769.000000,f85b17c1b929,nxf-TrD9qyudd3YDIKNfgNkKpu9H
15:15:44.107,1215164914769.000000,f85b17c1b929,nxf-TrD9qyudd3YDIKNfgNkKpu9H
15:15:44.607,1215164914769.000000,f85b17c1b929,nxf-TrD9qyudd3YDIKNfgNkKpu9H
15:15:45.107,1215164914769.000000,f85b17c1b929,nxf-TrD9qyudd3YDIKNfgNkKpu9H
15:15:45.607,1215164914769.000000,f85b17c1b929,nxf-TrD9qyudd3YDIKNfgNkKpu9H
15:15:46.107,1215164914769.000000,f85b17c1b929,nxf-TrD9qyudd3YDIKNfgNkKpu9H
15:15:46.607,1215164914769.000000,f85b17c1b929,nxf-TrD9qyudd3YDIKNfgNkKpu9H
15:15:47.107,1215164914769.000000,f85b17c1b929,nxf-TrD9qyudd3YDIKNfgNkKpu9H
15:15:47.607,1215164914769.000000,f85b17c1b929,nxf-TrD9qyudd3YDIKNfgNkKpu9H
15:15:48.107,1215164914769.000000,f85b17c1b929,nxf-TrD9qyudd3YDIKNfgNkKpu9H
15:15:48.607,1215164914769.000000,f85b17c1b929,nxf-TrD9qyudd3YDIKNfgNkKpu9H
15:15:49.107,1215164914769.000000,f85b17c1b929,nxf-TrD9qyudd3YDIKNfgNkKpu9H
15:15:49.607,1215164914769.000000,f85b17c1b929,nxf-TrD9qyudd3YDIKNfgNkKpu9H
15:15:50.107,1215164914769.000000,f85b17c1b929,nxf-TrD9qyudd3YDIKNfgNkKpu9H
15:15:50.607,1215164914769.000000,f85b17c1b929,nxf-TrD9qyudd3YDIKNfgNkKpu9H
15:15:51.107,1215164914769.000000,f85b17c1b929,nxf-TrD9qyudd3YDIKNfgNkKpu9H
15:15:51.607,1215164914769.000000,f85b17c1b929,nxf-TrD9qyudd3YDIKNfgNkKpu9H
15:15:52.107,1215164914769.000000,f85b17c1b929,nxf-TrD9qyudd3YDIKNfgNkKpu9H
15:15:52.607,1215164914769.000000,f85b17c1b929,nxf-TrD9qyudd3YDIKNfgNkKpu9H
15:15:53.107,1215164914769.000000,f85b17c1b929,nxf-TrD9qyudd3YDIKNfgNkKpu9H
15:15:53.607,1215164914769.000000,f85b17c1b929,nxf-TrD9qyudd3YDIKNfgNkKpu9H
15:15:54.107,1215164914769.000000,f85b17c1b929,nxf-TrD9qyudd3YDIKNfgNkKpu9H
15:15:54.607,1215164914769.000000,f85b17c1b929,nxf-TrD9qyudd3YDIKNfgNkKpu9H
15:15:55.107,1215164914769.000000,f85b17c1b929,nxf-TrD9qyudd3YDIKNfgNkKpu9H
15:15:55.607,1215164914769.000000,f85b17c1b929,nxf-TrD9qyudd3YDIKNfgNkKpu9H
15:15:56.107,1215164914769.000000,f85b17c1b929,nxf-TrD9qyudd3YDIKNfgNkKpu9H
15:15:56.607,1215164914769.000000,f85b17c1b929,nxf-TrD9qyudd3YDIKNfgNkKpu9H
15:15:57.107,1215164914769.000000,f85b17c1b929,nxf-TrD9qyudd3YDIKNfgNkKpu9H
15:15:57.607,1215164914769.000000,f85b17c1b929,nxf-TrD9qyudd3YDIKNfgNkKpu9H
15:15:58.107,1215164914769.000000,f85b17c1b929,nxf-TrD9qyudd3YDIKNfgNkKpu9H
15:15:58.607,1215164914769.000000,f85b17c1b929,nxf-TrD9qyudd3YDIKNfgNkKpu9H
15:15:59.107,1215164914769.000000,f85b17c1b929,nxf-TrD9qyudd3YDIKNfgNkKpu9H
15:15:59.607,1215164914769.000000,f85b17c1b929,nxf-TrD9qyudd3YDIKNfgNkKpu9H
15:16:00.107,1215164914769.000000,f85b17c1b929,nxf-TrD9qyudd3YDIKNfgNkKpu9H
15:16:00.607,1215164914769.000000,f85b17c1b929,nxf-TrD9qyudd3YDIKNfgNkKpu9H
15:16:01.107,1215164914769.000000,f85b17c1b929,nxf-TrD9qyudd3YDIKNfgNkKpu9H
15:16:01.607,1215164914769.000000,f85b17c1b929,nxf-TrD9qyudd3YDIKNfgNkKpu9H
15:16:02.107,1215164914769.000000,f85b17c1b929,nxf-TrD9qyudd3YDIKNfgNkKpu9H
15:16:02.607,1215164914769.000000,f85b17c1b929,nxf-TrD9qyudd3YDIKNfgNkKpu9H
15:16:03.107,1215164914769.000000,f85b17c1b929,nxf-TrD9qyudd3YDIKNfgNkKpu9H
15:16:03.607,1215164914769.000000,f85b17c1b929,nxf-TrD9qyudd3YDIKNfgNkKpu9H
15:16:04.107,1215164914769.000000,f85b17c1b929,nxf-TrD9qyudd3YDIKNfgNkKpu9H
15:16:04.607,1215164914769.000000,f85b17c1b929,nxf-TrD9qyudd3YDIKNfgNkKpu9H
15:16:05.107,1215164914769.000000,f85b17c1b929,nxf-TrD9qyudd3YDIKNfgNkKpu9H
15:16:05.607,1215164914769.000000,f85b17c1b929,nxf-TrD9qyudd3YDIKNfgNkKpu9H
15:16:06.107,1215164914769.000000,f85b17c1b929,nxf-TrD9qyudd3YDIKNfgNkKpu9H
15:16:06.607,1215164914769.000000,f85b17c1b929,nxf-TrD9qyudd3YDIKNfgNkKpu9H
15:16:07.107,1215164914769.000000,f85b17c1b929,nxf-TrD9qyudd3YDIKNfgNkKpu9H
15:16:07.607,1215164914769.000000,f85b17c1b929,nxf-TrD9qyudd3YDIKNfgNkKpu9H
15:16:08.107,1215164914769.000000,f85b17c1b929,nxf-TrD9qyudd3YDIKNfgNkKpu9H
15:16:08.607,1215164914769.000000,f85b17c1b929,nxf-TrD9qyudd3YDIKNfgNkKpu9H
15:16:09.107,1215164914769.000000,f85b17c1b929,nxf-TrD9qyudd3YDIKNfgNkKpu9H
15:16:09.607,1215164914769.000000,f85b17c1b929,nxf-TrD9qyudd3YDIKNfgNkKpu9H
15:16:10.107,1215164914769.000000,f85b17c1b929,nxf-TrD9qyudd3YDIKNfgNkKpu9H
15:16:10.607,1215164914769.000000,f85b17c1b929,nxf-TrD9qyudd3YDIKNfgNkKpu9H
15:16:11.107,1215164914769.000000,f85b17c1b929,nxf-TrD9qyudd3YDIKNfgNkKpu9H
15:16:11.607,1215164914769.000000,f85b17c1b929,nxf-TrD9qyudd3YDIKNfgNkKpu9H
15:16:12.107,1215164914769.000000,f85b17c1b929,nxf-TrD9qyudd3YDIKNfgNkKpu9H
15:16:12.607,1215164914769.000000,f85b17c1b929,nxf-TrD9qyudd3YDIKNfgNkKpu9H
15:16:13.107,1215164914769.000000,f85b17c1b929,nxf-TrD9qyudd3YDIKNfgNkKpu9H
15:16:13.607,1215164914769.000000,f85b17c1b929,nxf-TrD9qyudd3YDIKNfgNkKpu9H
15:16:14.107,1215164914769.000000,f85b17c1b929,nxf-TrD9qyudd3YDIKNfgNkKpu9H
15:16:14.607,1215164914769.000000,f85b17c1b929,nxf-TrD9qyudd3YDIKNfgNkKpu9H
15:16:15.107,1215164914769.000000,f85b17c1b929,nxf-TrD9qyudd3YDIKNfgNkKpu9H
15:16:15.607,1215164914769.000000,f85b17c1b929,nxf-TrD9qyudd3YDIKNfgNkKpu9H
15:16:16.107,1215164914769.000000,f85b17c1b929,nxf-TrD9qyudd3YDIKNfgNkKpu9H
15:16:16.607,1215164914769.000000,f85b17c1b929,nxf-TrD9qyudd3YDIKNfgNkKpu9H
15:16:17.107,1215164914769.000000,f85b17c1b929,nxf-TrD9qyudd3YDIKNfgNkKpu9H
15:16:17.607,1215164914769.000000,f85b17c1b929,nxf-TrD9qyudd3YDIKNfgNkKpu9H
15:16:18.107,1215164914769.000000,f85b17c1b929,nxf-TrD9qyudd3YDIKNfgNkKpu9H
15:16:18.607,1215164914769.000000,f85b17c1b929,nxf-TrD9qyudd3YDIKNfgNkKpu9H
15:16:19.107,1215164914769.000000,f85b17c1b929,nxf-TrD9qyudd3YDIKNfgNkKpu9H
15:16:19.607,1215164914769.000000,f85b17c1b929,nxf-TrD9qyudd3YDIKNfgNkKpu9H
15:16:20.107,1215164914769.000000,f85b17c1b929,nxf-TrD9qyudd3YDIKNfgNkKpu9H
15:16:20.607,1215164914769.000000,f85b17c1b929,nxf-TrD9qyudd3YDIKNfgNkKpu9H
15:16:21.107,1215164914769.000000,f85b17c1b929,nxf-TrD9qyudd3YDIKNfgNkKpu9H
15:16:21.607,1215164914769.000000,f85b17c1b929,nxf-TrD9qyudd3YDIKNfgNkKpu9H
15:15:44.629,1232322940.000000,3a69a1fa8bfa,nxf-qDilxwaxmY8uJ5TscM5fDPNc
15:15:45.129,1232322940.000000,3a69a1fa8bfa,nxf-qDilxwaxmY8uJ5TscM5fDPNc
15:15:45.629,1232322940.000000,3a69a1fa8bfa,nxf-qDilxwaxmY8uJ5TscM5fDPNc
15:15:46.129,10419001881335.000000,3a69a1fa8bfa,nxf-qDilxwaxmY8uJ5TscM5fDPNc
15:15:46.629,10419001881335.000000,3a69a1fa8bfa,nxf-qDilxwaxmY8uJ5TscM5fDPNc
15:15:47.129,10419001881335.000000,3a69a1fa8bfa,nxf-qDilxwaxmY8uJ5TscM5fDPNc
15:15:47.629,10419001881335.000000,3a69a1fa8bfa,nxf-qDilxwaxmY8uJ5TscM5fDPNc
15:15:48.129,10419001881335.000000,3a69a1fa8bfa,nxf-qDilxwaxmY8uJ5TscM5fDPNc
15:15:48.629,10419001881335.000000,3a69a1fa8bfa,nxf-qDilxwaxmY8uJ5TscM5fDPNc
15:15:49.129,10419001881335.000000,3a69a1fa8bfa,nxf-qDilxwaxmY8uJ5TscM5fDPNc
15:15:49.629,10419001881335.000000,3a69a1fa8bfa,nxf-qDilxwaxmY8uJ5TscM5fDPNc
15:15:50.129,10419001881335.000000,3a69a1fa8bfa,nxf-qDilxwaxmY8uJ5TscM5fDPNc
15:15:50.629,10419001881335.000000,3a69a1fa8bfa,nxf-qDilxwaxmY8uJ5TscM5fDPNc
15:15:51.129,10419001881335.000000,3a69a1fa8bfa,nxf-qDilxwaxmY8uJ5TscM5fDPNc
15:15:51.629,10419001881335.000000,3a69a1fa8bfa,nxf-qDilxwaxmY8uJ5TscM5fDPNc
15:15:52.129,10419001881335.000000,3a69a1fa8bfa,nxf-qDilxwaxmY8uJ5TscM5fDPNc
15:15:52.629,10419001881335.000000,3a69a1fa8bfa,nxf-qDilxwaxmY8uJ5TscM5fDPNc
15:15:53.129,10419001881335.000000,3a69a1fa8bfa,nxf-qDilxwaxmY8uJ5TscM5fDPNc
15:15:53.629,10419001881335.000000,3a69a1fa8bfa,nxf-qDilxwaxmY8uJ5TscM5fDPNc
15:15:54.129,10419001881335.000000,3a69a1fa8bfa,nxf-qDilxwaxmY8uJ5TscM5fDPNc
15:15:54.629,10419001881335.000000,3a69a1fa8bfa,nxf-qDilxwaxmY8uJ5TscM5fDPNc
15:15:55.129,10419001881335.000000,3a69a1fa8bfa,nxf-qDilxwaxmY8uJ5TscM5fDPNc
15:15:55.629,10419001881335.000000,3a69a1fa8bfa,nxf-qDilxwaxmY8uJ5TscM5fDPNc
15:15:56.129,10419001881335.000000,3a69a1fa8bfa,nxf-qDilxwaxmY8uJ5TscM5fDPNc
15:15:56.629,10419001881335.000000,3a69a1fa8bfa,nxf-qDilxwaxmY8uJ5TscM5fDPNc
15:15:57.129,10419001881335.000000,3a69a1fa8bfa,nxf-qDilxwaxmY8uJ5TscM5fDPNc
15:15:57.629,10419001881335.000000,3a69a1fa8bfa,nxf-qDilxwaxmY8uJ5TscM5fDPNc
15:15:58.129,10419001881335.000000,3a69a1fa8bfa,nxf-qDilxwaxmY8uJ5TscM5fDPNc
15:15:58.629,10419001881335.000000,3a69a1fa8bfa,nxf-qDilxwaxmY8uJ5TscM5fDPNc
15:15:59.129,10419001881335.000000,3a69a1fa8bfa,nxf-qDilxwaxmY8uJ5TscM5fDPNc
15:15:59.629,10419001881335.000000,3a69a1fa8bfa,nxf-qDilxwaxmY8uJ5TscM5fDPNc
15:16:00.129,10419001881335.000000,3a69a1fa8bfa,nxf-qDilxwaxmY8uJ5TscM5fDPNc
15:16:00.629,10419001881335.000000,3a69a1fa8bfa,nxf-qDilxwaxmY8uJ5TscM5fDPNc
15:16:01.129,10419001881335.000000,3a69a1fa8bfa,nxf-qDilxwaxmY8uJ5TscM5fDPNc
15:16:01.629,10419001881335.000000,3a69a1fa8bfa,nxf-qDilxwaxmY8uJ5TscM5fDPNc
15:16:02.129,10419001881335.000000,3a69a1fa8bfa,nxf-qDilxwaxmY8uJ5TscM5fDPNc
15:16:02.629,10419001881335.000000,3a69a1fa8bfa,nxf-qDilxwaxmY8uJ5TscM5fDPNc
15:16:03.129,10419001881335.000000,3a69a1fa8bfa,nxf-qDilxwaxmY8uJ5TscM5fDPNc
15:16:03.629,10419001881335.000000,3a69a1fa8bfa,nxf-qDilxwaxmY8uJ5TscM5fDPNc
15:16:04.129,10419001881335.000000,3a69a1fa8bfa,nxf-qDilxwaxmY8uJ5TscM5fDPNc
15:16:04.629,10419001881335.000000,3a69a1fa8bfa,nxf-qDilxwaxmY8uJ5TscM5fDPNc
15:16:05.129,10419001881335.000000,3a69a1fa8bfa,nxf-qDilxwaxmY8uJ5TscM5fDPNc
15:16:05.629,10419001881335.000000,3a69a1fa8bfa,nxf-qDilxwaxmY8uJ5TscM5fDPNc
15:16:06.129,10419001881335.000000,3a69a1fa8bfa,nxf-qDilxwaxmY8uJ5TscM5fDPNc
15:16:06.629,10419001881335.000000,3a69a1fa8bfa,nxf-qDilxwaxmY8uJ5TscM5fDPNc
15:16:07.129,10419001881335.000000,3a69a1fa8bfa,nxf-qDilxwaxmY8uJ5TscM5fDPNc
15:16:07.629,10419001881335.000000,3a69a1fa8bfa,nxf-qDilxwaxmY8uJ5TscM5fDPNc
15:16:08.129,10419001881335.000000,3a69a1fa8bfa,nxf-qDilxwaxmY8uJ5TscM5fDPNc
15:16:08.629,10419001881335.000000,3a69a1fa8bfa,nxf-qDilxwaxmY8uJ5TscM5fDPNc
15:16:09.129,10419001881335.000000,3a69a1fa8bfa,nxf-qDilxwaxmY8uJ5TscM5fDPNc
15:16:09.629,10419001881335.000000,3a69a1fa8bfa,nxf-qDilxwaxmY8uJ5TscM5fDPNc
15:16:10.129,10419001881335.000000,3a69a1fa8bfa,nxf-qDilxwaxmY8uJ5TscM5fDPNc
15:16:10.629,10419001881335.000000,3a69a1fa8bfa,nxf-qDilxwaxmY8uJ5TscM5fDPNc
15:16:11.129,10419001881335.000000,3a69a1fa8bfa,nxf-qDilxwaxmY8uJ5TscM5fDPNc
15:16:11.629,10419001881335.000000,3a69a1fa8bfa,nxf-qDilxwaxmY8uJ5TscM5fDPNc
15:16:12.129,10419001881335.000000,3a69a1fa8bfa,nxf-qDilxwaxmY8uJ5TscM5fDPNc
15:16:12.629,10419001881335.000000,3a69a1fa8bfa,nxf-qDilxwaxmY8uJ5TscM5fDPNc
15:16:13.129,10419001881335.000000,3a69a1fa8bfa,nxf-qDilxwaxmY8uJ5TscM5fDPNc
15:16:13.629,10419001881335.000000,3a69a1fa8bfa,nxf-qDilxwaxmY8uJ5TscM5fDPNc
15:16:14.129,10419001881335.000000,3a69a1fa8bfa,nxf-qDilxwaxmY8uJ5TscM5fDPNc
15:16:14.629,10419001881335.000000,3a69a1fa8bfa,nxf-qDilxwaxmY8uJ5TscM5fDPNc
15:16:15.129,10419001881335.000000,3a69a1fa8bfa,nxf-qDilxwaxmY8uJ5TscM5fDPNc
15:16:15.629,10419001881335.000000,3a69a1fa8bfa,nxf-qDilxwaxmY8uJ5TscM5fDPNc
15:16:16.129,10419001881335.000000,3a69a1fa8bfa,nxf-qDilxwaxmY8uJ5TscM5fDPNc
15:16:16.629,10419001881335.000000,3a69a1fa8bfa,nxf-qDilxwaxmY8uJ5TscM5fDPNc
15:16:17.129,10419001881335.000000,3a69a1fa8bfa,nxf-qDilxwaxmY8uJ5TscM5fDPNc
15:16:17.629,10419001881335.000000,3a69a1fa8bfa,nxf-qDilxwaxmY8uJ5TscM5fDPNc
15:16:18.129,10419001881335.000000,3a69a1fa8bfa,nxf-qDilxwaxmY8uJ5TscM5fDPNc
15:16:18.629,10419001881335.000000,3a69a1fa8bfa,nxf-qDilxwaxmY8uJ5TscM5fDPNc
15:16:19.129,10419001881335.000000,3a69a1fa8bfa,nxf-qDilxwaxmY8uJ5TscM5fDPNc
15:16:19.629,10419001881335.000000,3a69a1fa8bfa,nxf-qDilxwaxmY8uJ5TscM5fDPNc
15:16:20.129,10419001881335.000000,3a69a1fa8bfa,nxf-qDilxwaxmY8uJ5TscM5fDPNc
15:16:20.629,10419001881335.000000,3a69a1fa8bfa,nxf-qDilxwaxmY8uJ5TscM5fDPNc
15:16:21.129,10419001881335.000000,3a69a1fa8bfa,nxf-qDilxwaxmY8uJ5TscM5fDPNc
15:16:21.629,10419001881335.000000,3a69a1fa8bfa,nxf-qDilxwaxmY8uJ5TscM5fDPNc
15:16:22.129,10419001881335.000000,3a69a1fa8bfa,nxf-qDilxwaxmY8uJ5TscM5fDPNc
15:16:22.629,10419001881335.000000,3a69a1fa8bfa,nxf-qDilxwaxmY8uJ5TscM5fDPNc
15:16:23.129,10419001881335.000000,3a69a1fa8bfa,nxf-qDilxwaxmY8uJ5TscM5fDPNc
15:16:23.629,10419001881335.000000,3a69a1fa8bfa,nxf-qDilxwaxmY8uJ5TscM5fDPNc
15:16:24.129,10419001881335.000000,3a69a1fa8bfa,nxf-qDilxwaxmY8uJ5TscM5fDPNc
15:16:24.629,10419001881335.000000,3a69a1fa8bfa,nxf-qDilxwaxmY8uJ5TscM5fDPNc
15:16:25.129,10419001881335.000000,3a69a1fa8bfa,nxf-qDilxwaxmY8uJ5TscM5fDPNc
15:16:25.629,10419001881335.000000,3a69a1fa8bfa,nxf-qDilxwaxmY8uJ5TscM5fDPNc
15:15:54.112,178058548015.000000,571c35ad2394,nxf-SX1AWI1RbvjBo0PJOwC1FAFw
15:15:54.612,178058548015.000000,571c35ad2394,nxf-SX1AWI1RbvjBo0PJOwC1FAFw
15:15:55.112,178058548015.000000,571c35ad2394,nxf-SX1AWI1RbvjBo0PJOwC1FAFw
15:15:55.612,1146739719763.000000,571c35ad2394,nxf-SX1AWI1RbvjBo0PJOwC1FAFw
15:15:56.112,1146739719763.000000,571c35ad2394,nxf-SX1AWI1RbvjBo0PJOwC1FAFw
15:15:56.612,3313756266.000000,571c35ad2394,nxf-SX1AWI1RbvjBo0PJOwC1FAFw
15:15:57.112,3313756266.000000,571c35ad2394,nxf-SX1AWI1RbvjBo0PJOwC1FAFw
15:15:57.612,3313756266.000000,571c35ad2394,nxf-SX1AWI1RbvjBo0PJOwC1FAFw
15:15:58.112,8821099650.000000,571c35ad2394,nxf-SX1AWI1RbvjBo0PJOwC1FAFw
15:15:58.612,8821099650.000000,571c35ad2394,nxf-SX1AWI1RbvjBo0PJOwC1FAFw
15:15:59.112,8821099650.000000,571c35ad2394,nxf-SX1AWI1RbvjBo0PJOwC1FAFw
15:15:59.612,315025570149.000000,571c35ad2394,nxf-SX1AWI1RbvjBo0PJOwC1FAFw
15:16:00.112,315025570149.000000,571c35ad2394,nxf-SX1AWI1RbvjBo0PJOwC1FAFw
15:16:00.612,315025570149.000000,571c35ad2394,nxf-SX1AWI1RbvjBo0PJOwC1FAFw
15:16:01.112,315025570149.000000,571c35ad2394,nxf-SX1AWI1RbvjBo0PJOwC1FAFw
15:16:01.612,315025570149.000000,571c35ad2394,nxf-SX1AWI1RbvjBo0PJOwC1FAFw
15:16:02.112,2551518494602.000000,571c35ad2394,nxf-SX1AWI1RbvjBo0PJOwC1FAFw
15:16:02.612,2551518494602.000000,571c35ad2394,nxf-SX1AWI1RbvjBo0PJOwC1FAFw
15:16:03.112,2551518494602.000000,571c35ad2394,nxf-SX1AWI1RbvjBo0PJOwC1FAFw
15:16:03.612,5856295620.000000,571c35ad2394,nxf-SX1AWI1RbvjBo0PJOwC1FAFw
15:16:04.112,5856295620.000000,571c35ad2394,nxf-SX1AWI1RbvjBo0PJOwC1FAFw
15:16:04.612,2498983465.000000,571c35ad2394,nxf-SX1AWI1RbvjBo0PJOwC1FAFw
15:16:05.112,2498983465.000000,571c35ad2394,nxf-SX1AWI1RbvjBo0PJOwC1FAFw
15:16:05.612,2498983465.000000,571c35ad2394,nxf-SX1AWI1RbvjBo0PJOwC1FAFw
15:16:06.112,4726931604.000000,571c35ad2394,nxf-SX1AWI1RbvjBo0PJOwC1FAFw
15:16:06.612,4726931604.000000,571c35ad2394,nxf-SX1AWI1RbvjBo0PJOwC1FAFw
15:16:07.112,4726931604.000000,571c35ad2394,nxf-SX1AWI1RbvjBo0PJOwC1FAFw
15:16:07.612,2989674371.000000,571c35ad2394,nxf-SX1AWI1RbvjBo0PJOwC1FAFw
15:16:08.112,2989674371.000000,571c35ad2394,nxf-SX1AWI1RbvjBo0PJOwC1FAFw
15:16:08.612,2652160935417.000000,571c35ad2394,nxf-SX1AWI1RbvjBo0PJOwC1FAFw
15:16:09.112,2652160935417.000000,571c35ad2394,nxf-SX1AWI1RbvjBo0PJOwC1FAFw
15:16:09.612,2652160935417.000000,571c35ad2394,nxf-SX1AWI1RbvjBo0PJOwC1FAFw
15:16:10.112,2652160935417.000000,571c35ad2394,nxf-SX1AWI1RbvjBo0PJOwC1FAFw
15:16:10.612,2652160935417.000000,571c35ad2394,nxf-SX1AWI1RbvjBo0PJOwC1FAFw
15:16:11.112,2652160935417.000000,571c35ad2394,nxf-SX1AWI1RbvjBo0PJOwC1FAFw
15:16:11.612,2652160935417.000000,571c35ad2394,nxf-SX1AWI1RbvjBo0PJOwC1FAFw
15:16:12.112,2652160935417.000000,571c35ad2394,nxf-SX1AWI1RbvjBo0PJOwC1FAFw
15:16:12.612,2652160935417.000000,571c35ad2394,nxf-SX1AWI1RbvjBo0PJOwC1FAFw
15:16:13.112,2652160935417.000000,571c35ad2394,nxf-SX1AWI1RbvjBo0PJOwC1FAFw
15:16:13.612,2652160935417.000000,571c35ad2394,nxf-SX1AWI1RbvjBo0PJOwC1FAFw
15:16:14.112,2652160935417.000000,571c35ad2394,nxf-SX1AWI1RbvjBo0PJOwC1FAFw
15:16:14.612,2652160935417.000000,571c35ad2394,nxf-SX1AWI1RbvjBo0PJOwC1FAFw
15:16:15.112,2652160935417.000000,571c35ad2394,nxf-SX1AWI1RbvjBo0PJOwC1FAFw
15:16:15.612,2652160935417.000000,571c35ad2394,nxf-SX1AWI1RbvjBo0PJOwC1FAFw
15:16:16.112,2652160935417.000000,571c35ad2394,nxf-SX1AWI1RbvjBo0PJOwC1FAFw
15:16:16.612,2652160935417.000000,571c35ad2394,nxf-SX1AWI1RbvjBo0PJOwC1FAFw
15:16:17.112,2652160935417.000000,571c35ad2394,nxf-SX1AWI1RbvjBo0PJOwC1FAFw
15:16:17.612,2652160935417.000000,571c35ad2394,nxf-SX1AWI1RbvjBo0PJOwC1FAFw
15:16:18.112,2652160935417.000000,571c35ad2394,nxf-SX1AWI1RbvjBo0PJOwC1FAFw
15:16:18.612,2652160935417.000000,571c35ad2394,nxf-SX1AWI1RbvjBo0PJOwC1FAFw
15:16:19.112,2652160935417.000000,571c35ad2394,nxf-SX1AWI1RbvjBo0PJOwC1FAFw
15:16:19.612,2652160935417.000000,571c35ad2394,nxf-SX1AWI1RbvjBo0PJOwC1FAFw
15:16:20.112,2652160935417.000000,571c35ad2394,nxf-SX1AWI1RbvjBo0PJOwC1FAFw
15:16:20.612,2652160935417.000000,571c35ad2394,nxf-SX1AWI1RbvjBo0PJOwC1FAFw
15:16:21.112,2652160935417.000000,571c35ad2394,nxf-SX1AWI1RbvjBo0PJOwC1FAFw
15:16:21.612,2652160935417.000000,571c35ad2394,nxf-SX1AWI1RbvjBo0PJOwC1FAFw
15:16:22.112,2652160935417.000000,571c35ad2394,nxf-SX1AWI1RbvjBo0PJOwC1FAFw
15:16:22.612,2652160935417.000000,571c35ad2394,nxf-SX1AWI1RbvjBo0PJOwC1FAFw
15:16:23.112,2652160935417.000000,571c35ad2394,nxf-SX1AWI1RbvjBo0PJOwC1FAFw
15:16:23.612,2652160935417.000000,571c35ad2394,nxf-SX1AWI1RbvjBo0PJOwC1FAFw
15:16:24.112,2652160935417.000000,571c35ad2394,nxf-SX1AWI1RbvjBo0PJOwC1FAFw
15:16:24.612,2652160935417.000000,571c35ad2394,nxf-SX1AWI1RbvjBo0PJOwC1FAFw
15:16:25.112,2652160935417.000000,571c35ad2394,nxf-SX1AWI1RbvjBo0PJOwC1FAFw
15:16:25.612,2652160935417.000000,571c35ad2394,nxf-SX1AWI1RbvjBo0PJOwC1FAFw
15:16:26.112,2652160935417.000000,571c35ad2394,nxf-SX1AWI1RbvjBo0PJOwC1FAFw
15:16:26.612,2652160935417.000000,571c35ad2394,nxf-SX1AWI1RbvjBo0PJOwC1FAFw
15:16:27.112,2652160935417.000000,571c35ad2394,nxf-SX1AWI1RbvjBo0PJOwC1FAFw
15:16:27.612,2652160935417.000000,571c35ad2394,nxf-SX1AWI1RbvjBo0PJOwC1FAFw
15:16:28.112,2652160935417.000000,571c35ad2394,nxf-SX1AWI1RbvjBo0PJOwC1FAFw
15:16:28.612,2652160935417.000000,571c35ad2394,nxf-SX1AWI1RbvjBo0PJOwC1FAFw
15:16:29.112,2652160935417.000000,571c35ad2394,nxf-SX1AWI1RbvjBo0PJOwC1FAFw
15:16:29.612,2652160935417.000000,571c35ad2394,nxf-SX1AWI1RbvjBo0PJOwC1FAFw
15:16:30.112,2652160935417.000000,571c35ad2394,nxf-SX1AWI1RbvjBo0PJOwC1FAFw
15:16:30.612,2652160935417.000000,571c35ad2394,nxf-SX1AWI1RbvjBo0PJOwC1FAFw
15:16:31.112,2652160935417.000000,571c35ad2394,nxf-SX1AWI1RbvjBo0PJOwC1FAFw
15:16:31.612,2652160935417.000000,571c35ad2394,nxf-SX1AWI1RbvjBo0PJOwC1FAFw
15:16:32.112,2652160935417.000000,571c35ad2394,nxf-SX1AWI1RbvjBo0PJOwC1FAFw
15:16:32.612,2652160935417.000000,571c35ad2394,nxf-SX1AWI1RbvjBo0PJOwC1FAFw
15:16:33.112,2652160935417.000000,571c35ad2394,nxf-SX1AWI1RbvjBo0PJOwC1FAFw
15:16:33.612,2652160935417.000000,571c35ad2394,nxf-SX1AWI1RbvjBo0PJOwC1FAFw
15:16:34.112,2652160935417.000000,571c35ad2394,nxf-SX1AWI1RbvjBo0PJOwC1FAFw
15:16:34.612,2652160935417.000000,571c35ad2394,nxf-SX1AWI1RbvjBo0PJOwC1FAFw
15:16:35.112,2652160935417.000000,571c35ad2394,nxf-SX1AWI1RbvjBo0PJOwC1FAFw
15:16:35.612,2652160935417.000000,571c35ad2394,nxf-SX1AWI1RbvjBo0PJOwC1FAFw
15:16:36.112,2652160935417.000000,571c35ad2394,nxf-SX1AWI1RbvjBo0PJOwC1FAFw
15:16:36.612,2652160935417.000000,571c35ad2394,nxf-SX1AWI1RbvjBo0PJOwC1FAFw
15:16:37.112,2652160935417.000000,571c35ad2394,nxf-SX1AWI1RbvjBo0PJOwC1FAFw
15:16:37.612,2652160935417.000000,571c35ad2394,nxf-SX1AWI1RbvjBo0PJOwC1FAFw
15:16:38.112,2652160935417.000000,571c35ad2394,nxf-SX1AWI1RbvjBo0PJOwC1FAFw
15:16:38.612,2652160935417.000000,571c35ad2394,nxf-SX1AWI1RbvjBo0PJOwC1FAFw
15:16:39.112,2652160935417.000000,571c35ad2394,nxf-SX1AWI1RbvjBo0PJOwC1FAFw
15:16:39.612,2652160935417.000000,571c35ad2394,nxf-SX1AWI1RbvjBo0PJOwC1FAFw
15:16:40.112,2652160935417.000000,571c35ad2394,nxf-SX1AWI1RbvjBo0PJOwC1FAFw
15:16:40.612,2652160935417.000000,571c35ad2394,nxf-SX1AWI1RbvjBo0PJOwC1FAFw
15:16:41.112,2652160935417.000000,571c35ad2394,nxf-SX1AWI1RbvjBo0PJOwC1FAFw
15:16:41.612,2652160935417.000000,571c35ad2394,nxf-SX1AWI1RbvjBo0PJOwC1FAFw
15:16:42.112,2652160935417.000000,571c35ad2394,nxf-SX1AWI1RbvjBo0PJOwC1FAFw
15:16:42.612,2652160935417.000000,571c35ad2394,nxf-SX1AWI1RbvjBo0PJOwC1FAFw
15:16:43.112,2652160935417.000000,571c35ad2394,nxf-SX1AWI1RbvjBo0PJOwC1FAFw
15:16:43.612,2652160935417.000000,571c35ad2394,nxf-SX1AWI1RbvjBo0PJOwC1FAFw
15:16:44.112,2652160935417.000000,571c35ad2394,nxf-SX1AWI1RbvjBo0PJOwC1FAFw
15:16:44.612,2652160935417.000000,571c35ad2394,nxf-SX1AWI1RbvjBo0PJOwC1FAFw
15:16:45.112,2652160935417.000000,571c35ad2394,nxf-SX1AWI1RbvjBo0PJOwC1FAFw
15:16:45.612,2652160935417.000000,571c35ad2394,nxf-SX1AWI1RbvjBo0PJOwC1FAFw
15:16:46.112,2652160935417.000000,571c35ad2394,nxf-SX1AWI1RbvjBo0PJOwC1FAFw
15:16:46.612,2652160935417.000000,571c35ad2394,nxf-SX1AWI1RbvjBo0PJOwC1FAFw
15:16:47.112,2652160935417.000000,571c35ad2394,nxf-SX1AWI1RbvjBo0PJOwC1FAFw
15:16:47.612,2652160935417.000000,571c35ad2394,nxf-SX1AWI1RbvjBo0PJOwC1FAFw
15:16:48.112,2652160935417.000000,571c35ad2394,nxf-SX1AWI1RbvjBo0PJOwC1FAFw
15:16:13.093,10099893263.000000,125608379dbe,nxf-1AUOV7AhBGVUbCmee5WApTRX
15:16:13.593,10099893263.000000,125608379dbe,nxf-1AUOV7AhBGVUbCmee5WApTRX
15:16:14.093,10099893263.000000,125608379dbe,nxf-1AUOV7AhBGVUbCmee5WApTRX
15:16:14.593,10099893263.000000,125608379dbe,nxf-1AUOV7AhBGVUbCmee5WApTRX
15:16:15.093,10099893263.000000,125608379dbe,nxf-1AUOV7AhBGVUbCmee5WApTRX
15:16:15.593,10099893263.000000,125608379dbe,nxf-1AUOV7AhBGVUbCmee5WApTRX
15:16:16.093,10099893263.000000,125608379dbe,nxf-1AUOV7AhBGVUbCmee5WApTRX
15:16:16.593,10099893263.000000,125608379dbe,nxf-1AUOV7AhBGVUbCmee5WApTRX
15:16:17.093,10099893263.000000,125608379dbe,nxf-1AUOV7AhBGVUbCmee5WApTRX
15:16:17.593,10099893263.000000,125608379dbe,nxf-1AUOV7AhBGVUbCmee5WApTRX
15:16:18.093,10099893263.000000,125608379dbe,nxf-1AUOV7AhBGVUbCmee5WApTRX
15:16:18.593,10099893263.000000,125608379dbe,nxf-1AUOV7AhBGVUbCmee5WApTRX
15:16:19.093,10099893263.000000,125608379dbe,nxf-1AUOV7AhBGVUbCmee5WApTRX
15:16:19.593,10099893263.000000,125608379dbe,nxf-1AUOV7AhBGVUbCmee5WApTRX
15:16:20.093,10099893263.000000,125608379dbe,nxf-1AUOV7AhBGVUbCmee5WApTRX
15:16:20.593,10099893263.000000,125608379dbe,nxf-1AUOV7AhBGVUbCmee5WApTRX
15:16:21.093,10099893263.000000,125608379dbe,nxf-1AUOV7AhBGVUbCmee5WApTRX
15:16:21.593,10099893263.000000,125608379dbe,nxf-1AUOV7AhBGVUbCmee5WApTRX
15:16:22.093,10099893263.000000,125608379dbe,nxf-1AUOV7AhBGVUbCmee5WApTRX
15:16:22.593,10099893263.000000,125608379dbe,nxf-1AUOV7AhBGVUbCmee5WApTRX
15:16:23.093,10099893263.000000,125608379dbe,nxf-1AUOV7AhBGVUbCmee5WApTRX
15:16:23.593,10099893263.000000,125608379dbe,nxf-1AUOV7AhBGVUbCmee5WApTRX
15:16:24.093,10099893263.000000,125608379dbe,nxf-1AUOV7AhBGVUbCmee5WApTRX
15:16:24.593,10099893263.000000,125608379dbe,nxf-1AUOV7AhBGVUbCmee5WApTRX
15:16:25.093,10099893263.000000,125608379dbe,nxf-1AUOV7AhBGVUbCmee5WApTRX
15:16:25.593,10099893263.000000,125608379dbe,nxf-1AUOV7AhBGVUbCmee5WApTRX
15:16:26.093,10099893263.000000,125608379dbe,nxf-1AUOV7AhBGVUbCmee5WApTRX
15:16:26.593,10099893263.000000,125608379dbe,nxf-1AUOV7AhBGVUbCmee5WApTRX
15:16:27.093,10099893263.000000,125608379dbe,nxf-1AUOV7AhBGVUbCmee5WApTRX
15:16:27.593,10099893263.000000,125608379dbe,nxf-1AUOV7AhBGVUbCmee5WApTRX
15:16:28.093,10099893263.000000,125608379dbe,nxf-1AUOV7AhBGVUbCmee5WApTRX
15:16:28.593,10099893263.000000,125608379dbe,nxf-1AUOV7AhBGVUbCmee5WApTRX
15:16:29.093,10099893263.000000,125608379dbe,nxf-1AUOV7AhBGVUbCmee5WApTRX
15:16:29.593,10099893263.000000,125608379dbe,nxf-1AUOV7AhBGVUbCmee5WApTRX
15:16:30.093,10099893263.000000,125608379dbe,nxf-1AUOV7AhBGVUbCmee5WApTRX
15:16:30.593,10099893263.000000,125608379dbe,nxf-1AUOV7AhBGVUbCmee5WApTRX
15:16:31.093,10099893263.000000,125608379dbe,nxf-1AUOV7AhBGVUbCmee5WApTRX
15:16:31.593,10099893263.000000,125608379dbe,nxf-1AUOV7AhBGVUbCmee5WApTRX
15:16:32.093,10099893263.000000,125608379dbe,nxf-1AUOV7AhBGVUbCmee5WApTRX
15:16:32.593,10099893263.000000,125608379dbe,nxf-1AUOV7AhBGVUbCmee5WApTRX
15:16:33.093,10099893263.000000,125608379dbe,nxf-1AUOV7AhBGVUbCmee5WApTRX
15:16:33.593,10099893263.000000,125608379dbe,nxf-1AUOV7AhBGVUbCmee5WApTRX
15:16:34.093,10099893263.000000,125608379dbe,nxf-1AUOV7AhBGVUbCmee5WApTRX
15:16:34.593,10099893263.000000,125608379dbe,nxf-1AUOV7AhBGVUbCmee5WApTRX
15:16:35.093,10099893263.000000,125608379dbe,nxf-1AUOV7AhBGVUbCmee5WApTRX
15:16:35.593,10099893263.000000,125608379dbe,nxf-1AUOV7AhBGVUbCmee5WApTRX
15:16:36.093,10099893263.000000,125608379dbe,nxf-1AUOV7AhBGVUbCmee5WApTRX
15:16:36.593,10099893263.000000,125608379dbe,nxf-1AUOV7AhBGVUbCmee5WApTRX
15:16:37.093,10099893263.000000,125608379dbe,nxf-1AUOV7AhBGVUbCmee5WApTRX
15:16:37.593,10099893263.000000,125608379dbe,nxf-1AUOV7AhBGVUbCmee5WApTRX
15:16:38.093,10099893263.000000,125608379dbe,nxf-1AUOV7AhBGVUbCmee5WApTRX
15:16:38.593,10099893263.000000,125608379dbe,nxf-1AUOV7AhBGVUbCmee5WApTRX
15:16:39.093,10099893263.000000,125608379dbe,nxf-1AUOV7AhBGVUbCmee5WApTRX
15:16:39.593,10099893263.000000,125608379dbe,nxf-1AUOV7AhBGVUbCmee5WApTRX
15:16:40.093,10099893263.000000,125608379dbe,nxf-1AUOV7AhBGVUbCmee5WApTRX
15:16:40.593,10099893263.000000,125608379dbe,nxf-1AUOV7AhBGVUbCmee5WApTRX
15:16:41.093,10099893263.000000,125608379dbe,nxf-1AUOV7AhBGVUbCmee5WApTRX
15:16:41.593,10099893263.000000,125608379dbe,nxf-1AUOV7AhBGVUbCmee5WApTRX
15:16:42.093,10099893263.000000,125608379dbe,nxf-1AUOV7AhBGVUbCmee5WApTRX
15:16:42.593,10099893263.000000,125608379dbe,nxf-1AUOV7AhBGVUbCmee5WApTRX
15:16:43.093,10099893263.000000,125608379dbe,nxf-1AUOV7AhBGVUbCmee5WApTRX
15:16:43.593,10099893263.000000,125608379dbe,nxf-1AUOV7AhBGVUbCmee5WApTRX
15:16:44.093,10099893263.000000,125608379dbe,nxf-1AUOV7AhBGVUbCmee5WApTRX
15:16:44.593,10099893263.000000,125608379dbe,nxf-1AUOV7AhBGVUbCmee5WApTRX
15:16:45.093,10099893263.000000,125608379dbe,nxf-1AUOV7AhBGVUbCmee5WApTRX
15:16:45.593,10099893263.000000,125608379dbe,nxf-1AUOV7AhBGVUbCmee5WApTRX
15:16:46.093,10099893263.000000,125608379dbe,nxf-1AUOV7AhBGVUbCmee5WApTRX
15:16:46.593,10099893263.000000,125608379dbe,nxf-1AUOV7AhBGVUbCmee5WApTRX
15:16:47.093,10099893263.000000,125608379dbe,nxf-1AUOV7AhBGVUbCmee5WApTRX
15:16:47.593,10099893263.000000,125608379dbe,nxf-1AUOV7AhBGVUbCmee5WApTRX
15:16:48.093,10099893263.000000,125608379dbe,nxf-1AUOV7AhBGVUbCmee5WApTRX
15:16:48.593,10099893263.000000,125608379dbe,nxf-1AUOV7AhBGVUbCmee5WApTRX
15:16:49.093,10099893263.000000,125608379dbe,nxf-1AUOV7AhBGVUbCmee5WApTRX
15:16:49.593,10099893263.000000,125608379dbe,nxf-1AUOV7AhBGVUbCmee5WApTRX
15:16:50.093,10099893263.000000,125608379dbe,nxf-1AUOV7AhBGVUbCmee5WApTRX
15:16:50.593,10099893263.000000,125608379dbe,nxf-1AUOV7AhBGVUbCmee5WApTRX
15:16:51.093,10099893263.000000,125608379dbe,nxf-1AUOV7AhBGVUbCmee5WApTRX
15:16:51.593,10099893263.000000,125608379dbe,nxf-1AUOV7AhBGVUbCmee5WApTRX
15:16:52.093,10099893263.000000,125608379dbe,nxf-1AUOV7AhBGVUbCmee5WApTRX
15:16:52.593,10099893263.000000,125608379dbe,nxf-1AUOV7AhBGVUbCmee5WApTRX
15:16:13.111,1032268530333.000000,774c8fdba5d2,nxf-0mUZ0M8vpF30z1CEoXjCQQbH
15:16:13.611,1032268530333.000000,774c8fdba5d2,nxf-0mUZ0M8vpF30z1CEoXjCQQbH
15:16:14.111,1032268530333.000000,774c8fdba5d2,nxf-0mUZ0M8vpF30z1CEoXjCQQbH
15:16:14.611,1032268530333.000000,774c8fdba5d2,nxf-0mUZ0M8vpF30z1CEoXjCQQbH
15:16:15.111,1032268530333.000000,774c8fdba5d2,nxf-0mUZ0M8vpF30z1CEoXjCQQbH
15:16:15.611,1032268530333.000000,774c8fdba5d2,nxf-0mUZ0M8vpF30z1CEoXjCQQbH
15:16:16.111,1032268530333.000000,774c8fdba5d2,nxf-0mUZ0M8vpF30z1CEoXjCQQbH
15:16:16.611,1032268530333.000000,774c8fdba5d2,nxf-0mUZ0M8vpF30z1CEoXjCQQbH
15:16:17.111,1032268530333.000000,774c8fdba5d2,nxf-0mUZ0M8vpF30z1CEoXjCQQbH
15:16:17.611,1032268530333.000000,774c8fdba5d2,nxf-0mUZ0M8vpF30z1CEoXjCQQbH
15:16:18.111,1032268530333.000000,774c8fdba5d2,nxf-0mUZ0M8vpF30z1CEoXjCQQbH
15:16:18.611,1032268530333.000000,774c8fdba5d2,nxf-0mUZ0M8vpF30z1CEoXjCQQbH
15:16:19.111,1032268530333.000000,774c8fdba5d2,nxf-0mUZ0M8vpF30z1CEoXjCQQbH
15:16:19.611,1032268530333.000000,774c8fdba5d2,nxf-0mUZ0M8vpF30z1CEoXjCQQbH
15:16:20.111,1032268530333.000000,774c8fdba5d2,nxf-0mUZ0M8vpF30z1CEoXjCQQbH
15:16:20.611,1032268530333.000000,774c8fdba5d2,nxf-0mUZ0M8vpF30z1CEoXjCQQbH
15:16:21.111,1032268530333.000000,774c8fdba5d2,nxf-0mUZ0M8vpF30z1CEoXjCQQbH
15:16:21.611,1032268530333.000000,774c8fdba5d2,nxf-0mUZ0M8vpF30z1CEoXjCQQbH
15:16:22.111,1032268530333.000000,774c8fdba5d2,nxf-0mUZ0M8vpF30z1CEoXjCQQbH
15:16:22.611,1032268530333.000000,774c8fdba5d2,nxf-0mUZ0M8vpF30z1CEoXjCQQbH
15:16:23.111,1032268530333.000000,774c8fdba5d2,nxf-0mUZ0M8vpF30z1CEoXjCQQbH
15:16:23.611,1032268530333.000000,774c8fdba5d2,nxf-0mUZ0M8vpF30z1CEoXjCQQbH
15:16:24.111,1032268530333.000000,774c8fdba5d2,nxf-0mUZ0M8vpF30z1CEoXjCQQbH
15:16:24.611,1032268530333.000000,774c8fdba5d2,nxf-0mUZ0M8vpF30z1CEoXjCQQbH
15:16:25.111,1032268530333.000000,774c8fdba5d2,nxf-0mUZ0M8vpF30z1CEoXjCQQbH
15:16:25.611,1032268530333.000000,774c8fdba5d2,nxf-0mUZ0M8vpF30z1CEoXjCQQbH
15:16:26.111,1032268530333.000000,774c8fdba5d2,nxf-0mUZ0M8vpF30z1CEoXjCQQbH
15:16:26.611,1032268530333.000000,774c8fdba5d2,nxf-0mUZ0M8vpF30z1CEoXjCQQbH
15:16:27.111,1032268530333.000000,774c8fdba5d2,nxf-0mUZ0M8vpF30z1CEoXjCQQbH
15:16:27.611,1032268530333.000000,774c8fdba5d2,nxf-0mUZ0M8vpF30z1CEoXjCQQbH
15:16:28.111,1032268530333.000000,774c8fdba5d2,nxf-0mUZ0M8vpF30z1CEoXjCQQbH
15:16:28.611,1032268530333.000000,774c8fdba5d2,nxf-0mUZ0M8vpF30z1CEoXjCQQbH
15:16:29.111,1032268530333.000000,774c8fdba5d2,nxf-0mUZ0M8vpF30z1CEoXjCQQbH
15:16:29.611,1032268530333.000000,774c8fdba5d2,nxf-0mUZ0M8vpF30z1CEoXjCQQbH
15:16:30.111,1032268530333.000000,774c8fdba5d2,nxf-0mUZ0M8vpF30z1CEoXjCQQbH
15:16:30.611,1032268530333.000000,774c8fdba5d2,nxf-0mUZ0M8vpF30z1CEoXjCQQbH
15:16:31.111,1032268530333.000000,774c8fdba5d2,nxf-0mUZ0M8vpF30z1CEoXjCQQbH
15:16:31.611,1032268530333.000000,774c8fdba5d2,nxf-0mUZ0M8vpF30z1CEoXjCQQbH
15:16:32.111,1032268530333.000000,774c8fdba5d2,nxf-0mUZ0M8vpF30z1CEoXjCQQbH
15:16:32.611,1032268530333.000000,774c8fdba5d2,nxf-0mUZ0M8vpF30z1CEoXjCQQbH
15:16:33.111,1032268530333.000000,774c8fdba5d2,nxf-0mUZ0M8vpF30z1CEoXjCQQbH
15:16:33.611,1032268530333.000000,774c8fdba5d2,nxf-0mUZ0M8vpF30z1CEoXjCQQbH
15:16:34.111,1032268530333.000000,774c8fdba5d2,nxf-0mUZ0M8vpF30z1CEoXjCQQbH
15:16:34.611,1032268530333.000000,774c8fdba5d2,nxf-0mUZ0M8vpF30z1CEoXjCQQbH
15:16:35.111,1032268530333.000000,774c8fdba5d2,nxf-0mUZ0M8vpF30z1CEoXjCQQbH
15:16:35.611,1032268530333.000000,774c8fdba5d2,nxf-0mUZ0M8vpF30z1CEoXjCQQbH
15:16:36.111,1032268530333.000000,774c8fdba5d2,nxf-0mUZ0M8vpF30z1CEoXjCQQbH
15:16:36.611,1032268530333.000000,774c8fdba5d2,nxf-0mUZ0M8vpF30z1CEoXjCQQbH
15:16:37.111,1032268530333.000000,774c8fdba5d2,nxf-0mUZ0M8vpF30z1CEoXjCQQbH
15:16:37.611,1032268530333.000000,774c8fdba5d2,nxf-0mUZ0M8vpF30z1CEoXjCQQbH
15:16:38.111,1032268530333.000000,774c8fdba5d2,nxf-0mUZ0M8vpF30z1CEoXjCQQbH
15:16:38.611,1032268530333.000000,774c8fdba5d2,nxf-0mUZ0M8vpF30z1CEoXjCQQbH
15:16:39.111,1032268530333.000000,774c8fdba5d2,nxf-0mUZ0M8vpF30z1CEoXjCQQbH
15:16:39.611,1032268530333.000000,774c8fdba5d2,nxf-0mUZ0M8vpF30z1CEoXjCQQbH
15:16:40.111,1032268530333.000000,774c8fdba5d2,nxf-0mUZ0M8vpF30z1CEoXjCQQbH
15:16:40.611,1032268530333.000000,774c8fdba5d2,nxf-0mUZ0M8vpF30z1CEoXjCQQbH
15:16:41.111,1032268530333.000000,774c8fdba5d2,nxf-0mUZ0M8vpF30z1CEoXjCQQbH
15:16:41.611,1032268530333.000000,774c8fdba5d2,nxf-0mUZ0M8vpF30z1CEoXjCQQbH
15:16:42.111,1032268530333.000000,774c8fdba5d2,nxf-0mUZ0M8vpF30z1CEoXjCQQbH
15:16:42.611,1032268530333.000000,774c8fdba5d2,nxf-0mUZ0M8vpF30z1CEoXjCQQbH
15:16:43.111,1032268530333.000000,774c8fdba5d2,nxf-0mUZ0M8vpF30z1CEoXjCQQbH
15:16:43.611,1032268530333.000000,774c8fdba5d2,nxf-0mUZ0M8vpF30z1CEoXjCQQbH
15:16:44.111,1032268530333.000000,774c8fdba5d2,nxf-0mUZ0M8vpF30z1CEoXjCQQbH
15:16:44.611,1032268530333.000000,774c8fdba5d2,nxf-0mUZ0M8vpF30z1CEoXjCQQbH
15:16:45.111,1032268530333.000000,774c8fdba5d2,nxf-0mUZ0M8vpF30z1CEoXjCQQbH
15:16:45.611,1032268530333.000000,774c8fdba5d2,nxf-0mUZ0M8vpF30z1CEoXjCQQbH
15:16:46.111,1032268530333.000000,774c8fdba5d2,nxf-0mUZ0M8vpF30z1CEoXjCQQbH
15:16:46.611,1032268530333.000000,774c8fdba5d2,nxf-0mUZ0M8vpF30z1CEoXjCQQbH
15:16:47.111,1032268530333.000000,774c8fdba5d2,nxf-0mUZ0M8vpF30z1CEoXjCQQbH
15:16:47.611,1032268530333.000000,774c8fdba5d2,nxf-0mUZ0M8vpF30z1CEoXjCQQbH
15:16:48.111,1032268530333.000000,774c8fdba5d2,nxf-0mUZ0M8vpF30z1CEoXjCQQbH
15:16:48.611,1032268530333.000000,774c8fdba5d2,nxf-0mUZ0M8vpF30z1CEoXjCQQbH
15:16:49.111,1032268530333.000000,774c8fdba5d2,nxf-0mUZ0M8vpF30z1CEoXjCQQbH
15:16:49.611,1032268530333.000000,774c8fdba5d2,nxf-0mUZ0M8vpF30z1CEoXjCQQbH
15:16:50.111,1032268530333.000000,774c8fdba5d2,nxf-0mUZ0M8vpF30z1CEoXjCQQbH
15:16:50.611,1032268530333.000000,774c8fdba5d2,nxf-0mUZ0M8vpF30z1CEoXjCQQbH
15:16:51.111,1032268530333.000000,774c8fdba5d2,nxf-0mUZ0M8vpF30z1CEoXjCQQbH
15:16:51.611,1032268530333.000000,774c8fdba5d2,nxf-0mUZ0M8vpF30z1CEoXjCQQbH
15:16:52.111,1032268530333.000000,774c8fdba5d2,nxf-0mUZ0M8vpF30z1CEoXjCQQbH
15:16:52.611,1032268530333.000000,774c8fdba5d2,nxf-0mUZ0M8vpF30z1CEoXjCQQbH
15:16:53.111,1032268530333.000000,774c8fdba5d2,nxf-0mUZ0M8vpF30z1CEoXjCQQbH
15:16:53.611,1032268530333.000000,774c8fdba5d2,nxf-0mUZ0M8vpF30z1CEoXjCQQbH
15:16:54.111,1032268530333.000000,774c8fdba5d2,nxf-0mUZ0M8vpF30z1CEoXjCQQbH
15:16:54.611,1032268530333.000000,774c8fdba5d2,nxf-0mUZ0M8vpF30z1CEoXjCQQbH
15:16:55.111,1032268530333.000000,774c8fdba5d2,nxf-0mUZ0M8vpF30z1CEoXjCQQbH
15:16:55.611,1032268530333.000000,774c8fdba5d2,nxf-0mUZ0M8vpF30z1CEoXjCQQbH
15:16:21.101,0.000000,5e1662aa721a,nxf-0pUrbbt0IplTwbj4uE7h1Lv0
15:16:21.601,0.000000,5e1662aa721a,nxf-0pUrbbt0IplTwbj4uE7h1Lv0
15:16:22.101,141491512367.000000,5e1662aa721a,nxf-0pUrbbt0IplTwbj4uE7h1Lv0
15:16:22.601,141491512367.000000,5e1662aa721a,nxf-0pUrbbt0IplTwbj4uE7h1Lv0
15:16:23.101,141491512367.000000,5e1662aa721a,nxf-0pUrbbt0IplTwbj4uE7h1Lv0
15:16:23.601,749995124404.000000,5e1662aa721a,nxf-0pUrbbt0IplTwbj4uE7h1Lv0
15:16:24.101,749995124404.000000,5e1662aa721a,nxf-0pUrbbt0IplTwbj4uE7h1Lv0
15:16:24.601,749995124404.000000,5e1662aa721a,nxf-0pUrbbt0IplTwbj4uE7h1Lv0
15:16:25.101,56354763465.000000,5e1662aa721a,nxf-0pUrbbt0IplTwbj4uE7h1Lv0
15:16:25.601,56354763465.000000,5e1662aa721a,nxf-0pUrbbt0IplTwbj4uE7h1Lv0
15:16:26.101,56354763465.000000,5e1662aa721a,nxf-0pUrbbt0IplTwbj4uE7h1Lv0
15:16:26.601,56354763465.000000,5e1662aa721a,nxf-0pUrbbt0IplTwbj4uE7h1Lv0
15:16:27.101,56354763465.000000,5e1662aa721a,nxf-0pUrbbt0IplTwbj4uE7h1Lv0
15:16:27.601,56354763465.000000,5e1662aa721a,nxf-0pUrbbt0IplTwbj4uE7h1Lv0
15:16:28.101,56354763465.000000,5e1662aa721a,nxf-0pUrbbt0IplTwbj4uE7h1Lv0
15:16:28.601,56354763465.000000,5e1662aa721a,nxf-0pUrbbt0IplTwbj4uE7h1Lv0
15:16:29.101,56354763465.000000,5e1662aa721a,nxf-0pUrbbt0IplTwbj4uE7h1Lv0
15:16:29.601,56354763465.000000,5e1662aa721a,nxf-0pUrbbt0IplTwbj4uE7h1Lv0
15:16:30.101,56354763465.000000,5e1662aa721a,nxf-0pUrbbt0IplTwbj4uE7h1Lv0
15:16:30.601,56354763465.000000,5e1662aa721a,nxf-0pUrbbt0IplTwbj4uE7h1Lv0
15:16:31.101,56354763465.000000,5e1662aa721a,nxf-0pUrbbt0IplTwbj4uE7h1Lv0
15:16:31.601,56354763465.000000,5e1662aa721a,nxf-0pUrbbt0IplTwbj4uE7h1Lv0
15:16:32.101,56354763465.000000,5e1662aa721a,nxf-0pUrbbt0IplTwbj4uE7h1Lv0
15:16:32.601,56354763465.000000,5e1662aa721a,nxf-0pUrbbt0IplTwbj4uE7h1Lv0
15:16:33.101,56354763465.000000,5e1662aa721a,nxf-0pUrbbt0IplTwbj4uE7h1Lv0
15:16:33.601,56354763465.000000,5e1662aa721a,nxf-0pUrbbt0IplTwbj4uE7h1Lv0
15:16:34.101,56354763465.000000,5e1662aa721a,nxf-0pUrbbt0IplTwbj4uE7h1Lv0
15:16:34.601,56354763465.000000,5e1662aa721a,nxf-0pUrbbt0IplTwbj4uE7h1Lv0
15:16:35.101,56354763465.000000,5e1662aa721a,nxf-0pUrbbt0IplTwbj4uE7h1Lv0
15:16:35.601,56354763465.000000,5e1662aa721a,nxf-0pUrbbt0IplTwbj4uE7h1Lv0
15:16:36.101,56354763465.000000,5e1662aa721a,nxf-0pUrbbt0IplTwbj4uE7h1Lv0
15:16:36.601,56354763465.000000,5e1662aa721a,nxf-0pUrbbt0IplTwbj4uE7h1Lv0
15:16:37.101,56354763465.000000,5e1662aa721a,nxf-0pUrbbt0IplTwbj4uE7h1Lv0
15:16:37.601,56354763465.000000,5e1662aa721a,nxf-0pUrbbt0IplTwbj4uE7h1Lv0
15:16:38.101,56354763465.000000,5e1662aa721a,nxf-0pUrbbt0IplTwbj4uE7h1Lv0
15:16:38.601,56354763465.000000,5e1662aa721a,nxf-0pUrbbt0IplTwbj4uE7h1Lv0
15:16:39.101,56354763465.000000,5e1662aa721a,nxf-0pUrbbt0IplTwbj4uE7h1Lv0
15:16:39.601,56354763465.000000,5e1662aa721a,nxf-0pUrbbt0IplTwbj4uE7h1Lv0
15:16:40.101,56354763465.000000,5e1662aa721a,nxf-0pUrbbt0IplTwbj4uE7h1Lv0
15:16:40.601,56354763465.000000,5e1662aa721a,nxf-0pUrbbt0IplTwbj4uE7h1Lv0
15:16:41.101,56354763465.000000,5e1662aa721a,nxf-0pUrbbt0IplTwbj4uE7h1Lv0
15:16:41.601,56354763465.000000,5e1662aa721a,nxf-0pUrbbt0IplTwbj4uE7h1Lv0
15:16:42.101,56354763465.000000,5e1662aa721a,nxf-0pUrbbt0IplTwbj4uE7h1Lv0
15:16:42.601,56354763465.000000,5e1662aa721a,nxf-0pUrbbt0IplTwbj4uE7h1Lv0
15:16:43.101,56354763465.000000,5e1662aa721a,nxf-0pUrbbt0IplTwbj4uE7h1Lv0
15:16:43.601,56354763465.000000,5e1662aa721a,nxf-0pUrbbt0IplTwbj4uE7h1Lv0
15:16:44.101,56354763465.000000,5e1662aa721a,nxf-0pUrbbt0IplTwbj4uE7h1Lv0
15:16:44.601,56354763465.000000,5e1662aa721a,nxf-0pUrbbt0IplTwbj4uE7h1Lv0
15:16:45.101,56354763465.000000,5e1662aa721a,nxf-0pUrbbt0IplTwbj4uE7h1Lv0
15:16:45.601,56354763465.000000,5e1662aa721a,nxf-0pUrbbt0IplTwbj4uE7h1Lv0
15:16:46.101,56354763465.000000,5e1662aa721a,nxf-0pUrbbt0IplTwbj4uE7h1Lv0
15:16:46.601,56354763465.000000,5e1662aa721a,nxf-0pUrbbt0IplTwbj4uE7h1Lv0
15:16:47.101,56354763465.000000,5e1662aa721a,nxf-0pUrbbt0IplTwbj4uE7h1Lv0
15:16:47.601,56354763465.000000,5e1662aa721a,nxf-0pUrbbt0IplTwbj4uE7h1Lv0
15:16:48.101,56354763465.000000,5e1662aa721a,nxf-0pUrbbt0IplTwbj4uE7h1Lv0
15:16:48.601,56354763465.000000,5e1662aa721a,nxf-0pUrbbt0IplTwbj4uE7h1Lv0
15:16:49.101,56354763465.000000,5e1662aa721a,nxf-0pUrbbt0IplTwbj4uE7h1Lv0
15:16:49.601,56354763465.000000,5e1662aa721a,nxf-0pUrbbt0IplTwbj4uE7h1Lv0
15:16:50.101,56354763465.000000,5e1662aa721a,nxf-0pUrbbt0IplTwbj4uE7h1Lv0
15:16:50.601,56354763465.000000,5e1662aa721a,nxf-0pUrbbt0IplTwbj4uE7h1Lv0
15:16:51.101,56354763465.000000,5e1662aa721a,nxf-0pUrbbt0IplTwbj4uE7h1Lv0
15:16:51.601,56354763465.000000,5e1662aa721a,nxf-0pUrbbt0IplTwbj4uE7h1Lv0
15:16:52.101,56354763465.000000,5e1662aa721a,nxf-0pUrbbt0IplTwbj4uE7h1Lv0
15:16:52.601,56354763465.000000,5e1662aa721a,nxf-0pUrbbt0IplTwbj4uE7h1Lv0
15:16:53.101,56354763465.000000,5e1662aa721a,nxf-0pUrbbt0IplTwbj4uE7h1Lv0
15:16:53.601,56354763465.000000,5e1662aa721a,nxf-0pUrbbt0IplTwbj4uE7h1Lv0
15:16:54.101,56354763465.000000,5e1662aa721a,nxf-0pUrbbt0IplTwbj4uE7h1Lv0
15:16:54.601,56354763465.000000,5e1662aa721a,nxf-0pUrbbt0IplTwbj4uE7h1Lv0
15:16:55.101,56354763465.000000,5e1662aa721a,nxf-0pUrbbt0IplTwbj4uE7h1Lv0
15:16:55.601,56354763465.000000,5e1662aa721a,nxf-0pUrbbt0IplTwbj4uE7h1Lv0
15:16:56.101,56354763465.000000,5e1662aa721a,nxf-0pUrbbt0IplTwbj4uE7h1Lv0
15:16:56.601,56354763465.000000,5e1662aa721a,nxf-0pUrbbt0IplTwbj4uE7h1Lv0
15:16:57.101,56354763465.000000,5e1662aa721a,nxf-0pUrbbt0IplTwbj4uE7h1Lv0
15:16:57.601,56354763465.000000,5e1662aa721a,nxf-0pUrbbt0IplTwbj4uE7h1Lv0
15:16:58.101,56354763465.000000,5e1662aa721a,nxf-0pUrbbt0IplTwbj4uE7h1Lv0
15:16:58.601,56354763465.000000,5e1662aa721a,nxf-0pUrbbt0IplTwbj4uE7h1Lv0
15:16:59.101,56354763465.000000,5e1662aa721a,nxf-0pUrbbt0IplTwbj4uE7h1Lv0
15:16:59.601,56354763465.000000,5e1662aa721a,nxf-0pUrbbt0IplTwbj4uE7h1Lv0
15:17:00.101,56354763465.000000,5e1662aa721a,nxf-0pUrbbt0IplTwbj4uE7h1Lv0
15:17:00.601,56354763465.000000,5e1662aa721a,nxf-0pUrbbt0IplTwbj4uE7h1Lv0
15:17:01.101,56354763465.000000,5e1662aa721a,nxf-0pUrbbt0IplTwbj4uE7h1Lv0
15:17:01.601,56354763465.000000,5e1662aa721a,nxf-0pUrbbt0IplTwbj4uE7h1Lv0
15:17:02.101,56354763465.000000,5e1662aa721a,nxf-0pUrbbt0IplTwbj4uE7h1Lv0
15:17:02.601,56354763465.000000,5e1662aa721a,nxf-0pUrbbt0IplTwbj4uE7h1Lv0
15:17:03.101,56354763465.000000,5e1662aa721a,nxf-0pUrbbt0IplTwbj4uE7h1Lv0
15:17:03.601,56354763465.000000,5e1662aa721a,nxf-0pUrbbt0IplTwbj4uE7h1Lv0
15:17:04.101,56354763465.000000,5e1662aa721a,nxf-0pUrbbt0IplTwbj4uE7h1Lv0
15:17:04.601,56354763465.000000,5e1662aa721a,nxf-0pUrbbt0IplTwbj4uE7h1Lv0
15:16:37.180,28397848096.000000,8334946e47ef,nxf-UY2XomSHbY5BM00lkqJ3KiSI
15:16:37.680,28397848096.000000,8334946e47ef,nxf-UY2XomSHbY5BM00lkqJ3KiSI
15:16:38.180,28397848096.000000,8334946e47ef,nxf-UY2XomSHbY5BM00lkqJ3KiSI
15:16:38.680,30242321.000000,8334946e47ef,nxf-UY2XomSHbY5BM00lkqJ3KiSI
15:16:39.180,30242321.000000,8334946e47ef,nxf-UY2XomSHbY5BM00lkqJ3KiSI
15:16:39.680,20258796.000000,8334946e47ef,nxf-UY2XomSHbY5BM00lkqJ3KiSI
15:16:40.180,20258796.000000,8334946e47ef,nxf-UY2XomSHbY5BM00lkqJ3KiSI
15:16:40.680,20258796.000000,8334946e47ef,nxf-UY2XomSHbY5BM00lkqJ3KiSI
15:16:41.180,18318826.000000,8334946e47ef,nxf-UY2XomSHbY5BM00lkqJ3KiSI
15:16:41.680,18318826.000000,8334946e47ef,nxf-UY2XomSHbY5BM00lkqJ3KiSI
15:16:42.180,18318826.000000,8334946e47ef,nxf-UY2XomSHbY5BM00lkqJ3KiSI
15:16:42.680,18318826.000000,8334946e47ef,nxf-UY2XomSHbY5BM00lkqJ3KiSI
15:16:43.180,18318826.000000,8334946e47ef,nxf-UY2XomSHbY5BM00lkqJ3KiSI
15:16:43.680,18318826.000000,8334946e47ef,nxf-UY2XomSHbY5BM00lkqJ3KiSI
15:16:44.180,18318826.000000,8334946e47ef,nxf-UY2XomSHbY5BM00lkqJ3KiSI
15:16:44.680,18318826.000000,8334946e47ef,nxf-UY2XomSHbY5BM00lkqJ3KiSI
15:16:45.180,18318826.000000,8334946e47ef,nxf-UY2XomSHbY5BM00lkqJ3KiSI
15:16:45.680,18318826.000000,8334946e47ef,nxf-UY2XomSHbY5BM00lkqJ3KiSI
15:16:46.180,18318826.000000,8334946e47ef,nxf-UY2XomSHbY5BM00lkqJ3KiSI
15:16:46.680,18318826.000000,8334946e47ef,nxf-UY2XomSHbY5BM00lkqJ3KiSI
15:16:47.180,18318826.000000,8334946e47ef,nxf-UY2XomSHbY5BM00lkqJ3KiSI
15:16:47.680,18318826.000000,8334946e47ef,nxf-UY2XomSHbY5BM00lkqJ3KiSI
15:16:48.180,18318826.000000,8334946e47ef,nxf-UY2XomSHbY5BM00lkqJ3KiSI
15:16:48.680,18318826.000000,8334946e47ef,nxf-UY2XomSHbY5BM00lkqJ3KiSI
15:16:49.180,18318826.000000,8334946e47ef,nxf-UY2XomSHbY5BM00lkqJ3KiSI
15:16:49.680,18318826.000000,8334946e47ef,nxf-UY2XomSHbY5BM00lkqJ3KiSI
15:16:50.180,18318826.000000,8334946e47ef,nxf-UY2XomSHbY5BM00lkqJ3KiSI
15:16:50.680,18318826.000000,8334946e47ef,nxf-UY2XomSHbY5BM00lkqJ3KiSI
15:16:51.180,18318826.000000,8334946e47ef,nxf-UY2XomSHbY5BM00lkqJ3KiSI
15:16:51.680,18318826.000000,8334946e47ef,nxf-UY2XomSHbY5BM00lkqJ3KiSI
15:16:52.180,18318826.000000,8334946e47ef,nxf-UY2XomSHbY5BM00lkqJ3KiSI
15:16:52.680,18318826.000000,8334946e47ef,nxf-UY2XomSHbY5BM00lkqJ3KiSI
15:16:53.180,18318826.000000,8334946e47ef,nxf-UY2XomSHbY5BM00lkqJ3KiSI
15:16:53.680,18318826.000000,8334946e47ef,nxf-UY2XomSHbY5BM00lkqJ3KiSI
15:16:54.180,18318826.000000,8334946e47ef,nxf-UY2XomSHbY5BM00lkqJ3KiSI
15:16:54.680,18318826.000000,8334946e47ef,nxf-UY2XomSHbY5BM00lkqJ3KiSI
15:16:55.180,18318826.000000,8334946e47ef,nxf-UY2XomSHbY5BM00lkqJ3KiSI
15:16:55.680,18318826.000000,8334946e47ef,nxf-UY2XomSHbY5BM00lkqJ3KiSI
15:16:56.180,18318826.000000,8334946e47ef,nxf-UY2XomSHbY5BM00lkqJ3KiSI
15:16:56.680,18318826.000000,8334946e47ef,nxf-UY2XomSHbY5BM00lkqJ3KiSI
15:16:57.180,18318826.000000,8334946e47ef,nxf-UY2XomSHbY5BM00lkqJ3KiSI
15:16:57.680,18318826.000000,8334946e47ef,nxf-UY2XomSHbY5BM00lkqJ3KiSI
15:16:58.180,18318826.000000,8334946e47ef,nxf-UY2XomSHbY5BM00lkqJ3KiSI
15:16:58.680,18318826.000000,8334946e47ef,nxf-UY2XomSHbY5BM00lkqJ3KiSI
15:16:59.180,18318826.000000,8334946e47ef,nxf-UY2XomSHbY5BM00lkqJ3KiSI
15:16:59.680,18318826.000000,8334946e47ef,nxf-UY2XomSHbY5BM00lkqJ3KiSI
15:17:00.180,18318826.000000,8334946e47ef,nxf-UY2XomSHbY5BM00lkqJ3KiSI
15:17:00.680,18318826.000000,8334946e47ef,nxf-UY2XomSHbY5BM00lkqJ3KiSI
15:17:01.180,18318826.000000,8334946e47ef,nxf-UY2XomSHbY5BM00lkqJ3KiSI
15:17:01.680,18318826.000000,8334946e47ef,nxf-UY2XomSHbY5BM00lkqJ3KiSI
15:17:02.180,18318826.000000,8334946e47ef,nxf-UY2XomSHbY5BM00lkqJ3KiSI
15:17:02.680,18318826.000000,8334946e47ef,nxf-UY2XomSHbY5BM00lkqJ3KiSI
15:17:03.180,18318826.000000,8334946e47ef,nxf-UY2XomSHbY5BM00lkqJ3KiSI
15:17:03.680,18318826.000000,8334946e47ef,nxf-UY2XomSHbY5BM00lkqJ3KiSI
15:17:04.180,18318826.000000,8334946e47ef,nxf-UY2XomSHbY5BM00lkqJ3KiSI
15:17:04.680,18318826.000000,8334946e47ef,nxf-UY2XomSHbY5BM00lkqJ3KiSI
15:17:05.180,18318826.000000,8334946e47ef,nxf-UY2XomSHbY5BM00lkqJ3KiSI
15:17:05.680,18318826.000000,8334946e47ef,nxf-UY2XomSHbY5BM00lkqJ3KiSI
15:17:06.180,18318826.000000,8334946e47ef,nxf-UY2XomSHbY5BM00lkqJ3KiSI
15:17:06.680,18318826.000000,8334946e47ef,nxf-UY2XomSHbY5BM00lkqJ3KiSI
15:17:07.180,18318826.000000,8334946e47ef,nxf-UY2XomSHbY5BM00lkqJ3KiSI
15:17:07.680,18318826.000000,8334946e47ef,nxf-UY2XomSHbY5BM00lkqJ3KiSI
15:17:08.180,18318826.000000,8334946e47ef,nxf-UY2XomSHbY5BM00lkqJ3KiSI
15:17:08.680,18318826.000000,8334946e47ef,nxf-UY2XomSHbY5BM00lkqJ3KiSI
15:17:09.180,18318826.000000,8334946e47ef,nxf-UY2XomSHbY5BM00lkqJ3KiSI
15:17:09.680,18318826.000000,8334946e47ef,nxf-UY2XomSHbY5BM00lkqJ3KiSI
15:17:10.180,18318826.000000,8334946e47ef,nxf-UY2XomSHbY5BM00lkqJ3KiSI
15:17:10.680,18318826.000000,8334946e47ef,nxf-UY2XomSHbY5BM00lkqJ3KiSI
15:17:11.180,18318826.000000,8334946e47ef,nxf-UY2XomSHbY5BM00lkqJ3KiSI
15:17:11.680,18318826.000000,8334946e47ef,nxf-UY2XomSHbY5BM00lkqJ3KiSI
15:17:12.180,18318826.000000,8334946e47ef,nxf-UY2XomSHbY5BM00lkqJ3KiSI
15:17:12.680,18318826.000000,8334946e47ef,nxf-UY2XomSHbY5BM00lkqJ3KiSI
15:17:13.180,18318826.000000,8334946e47ef,nxf-UY2XomSHbY5BM00lkqJ3KiSI
15:17:13.680,18318826.000000,8334946e47ef,nxf-UY2XomSHbY5BM00lkqJ3KiSI
15:17:14.180,18318826.000000,8334946e47ef,nxf-UY2XomSHbY5BM00lkqJ3KiSI
15:17:14.680,18318826.000000,8334946e47ef,nxf-UY2XomSHbY5BM00lkqJ3KiSI
15:17:15.180,18318826.000000,8334946e47ef,nxf-UY2XomSHbY5BM00lkqJ3KiSI
15:17:15.680,18318826.000000,8334946e47ef,nxf-UY2XomSHbY5BM00lkqJ3KiSI
15:17:16.180,18318826.000000,8334946e47ef,nxf-UY2XomSHbY5BM00lkqJ3KiSI
15:17:16.680,18318826.000000,8334946e47ef,nxf-UY2XomSHbY5BM00lkqJ3KiSI
15:17:17.180,18318826.000000,8334946e47ef,nxf-UY2XomSHbY5BM00lkqJ3KiSI
15:17:17.680,18318826.000000,8334946e47ef,nxf-UY2XomSHbY5BM00lkqJ3KiSI
15:17:18.180,18318826.000000,8334946e47ef,nxf-UY2XomSHbY5BM00lkqJ3KiSI
15:17:18.680,18318826.000000,8334946e47ef,nxf-UY2XomSHbY5BM00lkqJ3KiSI
15:17:19.180,18318826.000000,8334946e47ef,nxf-UY2XomSHbY5BM00lkqJ3KiSI
15:17:19.680,18318826.000000,8334946e47ef,nxf-UY2XomSHbY5BM00lkqJ3KiSI
15:17:20.180,18318826.000000,8334946e47ef,nxf-UY2XomSHbY5BM00lkqJ3KiSI
15:17:20.680,18318826.000000,8334946e47ef,nxf-UY2XomSHbY5BM00lkqJ3KiSI
15:17:21.180,18318826.000000,8334946e47ef,nxf-UY2XomSHbY5BM00lkqJ3KiSI
15:16:47.595,8992514122.000000,ddb0c2d3471f,nxf-bQCEmlIiekPOOtkHpYmKBSn7
15:16:48.095,8992514122.000000,ddb0c2d3471f,nxf-bQCEmlIiekPOOtkHpYmKBSn7
15:16:48.595,8992514122.000000,ddb0c2d3471f,nxf-bQCEmlIiekPOOtkHpYmKBSn7
15:16:49.095,8992514122.000000,ddb0c2d3471f,nxf-bQCEmlIiekPOOtkHpYmKBSn7
15:16:49.595,8992514122.000000,ddb0c2d3471f,nxf-bQCEmlIiekPOOtkHpYmKBSn7
15:16:50.095,8992514122.000000,ddb0c2d3471f,nxf-bQCEmlIiekPOOtkHpYmKBSn7
15:16:50.595,8992514122.000000,ddb0c2d3471f,nxf-bQCEmlIiekPOOtkHpYmKBSn7
15:16:51.095,8992514122.000000,ddb0c2d3471f,nxf-bQCEmlIiekPOOtkHpYmKBSn7
15:16:51.595,8992514122.000000,ddb0c2d3471f,nxf-bQCEmlIiekPOOtkHpYmKBSn7
15:16:52.095,8992514122.000000,ddb0c2d3471f,nxf-bQCEmlIiekPOOtkHpYmKBSn7
15:16:52.595,8992514122.000000,ddb0c2d3471f,nxf-bQCEmlIiekPOOtkHpYmKBSn7
15:16:53.095,8992514122.000000,ddb0c2d3471f,nxf-bQCEmlIiekPOOtkHpYmKBSn7
15:16:53.595,8992514122.000000,ddb0c2d3471f,nxf-bQCEmlIiekPOOtkHpYmKBSn7
15:16:54.095,8992514122.000000,ddb0c2d3471f,nxf-bQCEmlIiekPOOtkHpYmKBSn7
15:16:54.595,8992514122.000000,ddb0c2d3471f,nxf-bQCEmlIiekPOOtkHpYmKBSn7
15:16:55.095,8992514122.000000,ddb0c2d3471f,nxf-bQCEmlIiekPOOtkHpYmKBSn7
15:16:55.595,8992514122.000000,ddb0c2d3471f,nxf-bQCEmlIiekPOOtkHpYmKBSn7
15:16:56.095,8992514122.000000,ddb0c2d3471f,nxf-bQCEmlIiekPOOtkHpYmKBSn7
15:16:56.595,8992514122.000000,ddb0c2d3471f,nxf-bQCEmlIiekPOOtkHpYmKBSn7
15:16:57.095,8992514122.000000,ddb0c2d3471f,nxf-bQCEmlIiekPOOtkHpYmKBSn7
15:16:57.595,8992514122.000000,ddb0c2d3471f,nxf-bQCEmlIiekPOOtkHpYmKBSn7
15:16:58.095,8992514122.000000,ddb0c2d3471f,nxf-bQCEmlIiekPOOtkHpYmKBSn7
15:16:58.595,8992514122.000000,ddb0c2d3471f,nxf-bQCEmlIiekPOOtkHpYmKBSn7
15:16:59.095,8992514122.000000,ddb0c2d3471f,nxf-bQCEmlIiekPOOtkHpYmKBSn7
15:16:59.595,8992514122.000000,ddb0c2d3471f,nxf-bQCEmlIiekPOOtkHpYmKBSn7
15:17:00.095,8992514122.000000,ddb0c2d3471f,nxf-bQCEmlIiekPOOtkHpYmKBSn7
15:17:00.595,8992514122.000000,ddb0c2d3471f,nxf-bQCEmlIiekPOOtkHpYmKBSn7
15:17:01.095,8992514122.000000,ddb0c2d3471f,nxf-bQCEmlIiekPOOtkHpYmKBSn7
15:17:01.595,8992514122.000000,ddb0c2d3471f,nxf-bQCEmlIiekPOOtkHpYmKBSn7
15:17:02.095,8992514122.000000,ddb0c2d3471f,nxf-bQCEmlIiekPOOtkHpYmKBSn7
15:17:02.595,8992514122.000000,ddb0c2d3471f,nxf-bQCEmlIiekPOOtkHpYmKBSn7
15:17:03.095,8992514122.000000,ddb0c2d3471f,nxf-bQCEmlIiekPOOtkHpYmKBSn7
15:17:03.595,8992514122.000000,ddb0c2d3471f,nxf-bQCEmlIiekPOOtkHpYmKBSn7
15:17:04.095,8992514122.000000,ddb0c2d3471f,nxf-bQCEmlIiekPOOtkHpYmKBSn7
15:17:04.595,8992514122.000000,ddb0c2d3471f,nxf-bQCEmlIiekPOOtkHpYmKBSn7
15:17:05.095,8992514122.000000,ddb0c2d3471f,nxf-bQCEmlIiekPOOtkHpYmKBSn7
15:17:05.595,8992514122.000000,ddb0c2d3471f,nxf-bQCEmlIiekPOOtkHpYmKBSn7
15:17:06.095,8992514122.000000,ddb0c2d3471f,nxf-bQCEmlIiekPOOtkHpYmKBSn7
15:17:06.595,8992514122.000000,ddb0c2d3471f,nxf-bQCEmlIiekPOOtkHpYmKBSn7
15:17:07.095,8992514122.000000,ddb0c2d3471f,nxf-bQCEmlIiekPOOtkHpYmKBSn7
15:17:07.595,8992514122.000000,ddb0c2d3471f,nxf-bQCEmlIiekPOOtkHpYmKBSn7
15:17:08.095,8992514122.000000,ddb0c2d3471f,nxf-bQCEmlIiekPOOtkHpYmKBSn7
15:17:08.595,8992514122.000000,ddb0c2d3471f,nxf-bQCEmlIiekPOOtkHpYmKBSn7
15:17:09.095,8992514122.000000,ddb0c2d3471f,nxf-bQCEmlIiekPOOtkHpYmKBSn7
15:17:09.595,8992514122.000000,ddb0c2d3471f,nxf-bQCEmlIiekPOOtkHpYmKBSn7
15:17:10.095,8992514122.000000,ddb0c2d3471f,nxf-bQCEmlIiekPOOtkHpYmKBSn7
15:17:10.595,8992514122.000000,ddb0c2d3471f,nxf-bQCEmlIiekPOOtkHpYmKBSn7
15:17:11.095,8992514122.000000,ddb0c2d3471f,nxf-bQCEmlIiekPOOtkHpYmKBSn7
15:17:11.595,8992514122.000000,ddb0c2d3471f,nxf-bQCEmlIiekPOOtkHpYmKBSn7
15:17:12.095,8992514122.000000,ddb0c2d3471f,nxf-bQCEmlIiekPOOtkHpYmKBSn7
15:17:12.595,8992514122.000000,ddb0c2d3471f,nxf-bQCEmlIiekPOOtkHpYmKBSn7
15:17:13.095,8992514122.000000,ddb0c2d3471f,nxf-bQCEmlIiekPOOtkHpYmKBSn7
15:17:13.595,8992514122.000000,ddb0c2d3471f,nxf-bQCEmlIiekPOOtkHpYmKBSn7
15:17:14.095,8992514122.000000,ddb0c2d3471f,nxf-bQCEmlIiekPOOtkHpYmKBSn7
15:17:14.595,8992514122.000000,ddb0c2d3471f,nxf-bQCEmlIiekPOOtkHpYmKBSn7
15:17:15.095,8992514122.000000,ddb0c2d3471f,nxf-bQCEmlIiekPOOtkHpYmKBSn7
15:17:15.595,8992514122.000000,ddb0c2d3471f,nxf-bQCEmlIiekPOOtkHpYmKBSn7
15:17:16.095,8992514122.000000,ddb0c2d3471f,nxf-bQCEmlIiekPOOtkHpYmKBSn7
15:17:16.595,8992514122.000000,ddb0c2d3471f,nxf-bQCEmlIiekPOOtkHpYmKBSn7
15:17:17.095,8992514122.000000,ddb0c2d3471f,nxf-bQCEmlIiekPOOtkHpYmKBSn7
15:17:17.595,8992514122.000000,ddb0c2d3471f,nxf-bQCEmlIiekPOOtkHpYmKBSn7
15:17:18.095,8992514122.000000,ddb0c2d3471f,nxf-bQCEmlIiekPOOtkHpYmKBSn7
15:17:18.595,8992514122.000000,ddb0c2d3471f,nxf-bQCEmlIiekPOOtkHpYmKBSn7
15:17:19.095,8992514122.000000,ddb0c2d3471f,nxf-bQCEmlIiekPOOtkHpYmKBSn7
15:17:19.595,8992514122.000000,ddb0c2d3471f,nxf-bQCEmlIiekPOOtkHpYmKBSn7
15:17:20.095,8992514122.000000,ddb0c2d3471f,nxf-bQCEmlIiekPOOtkHpYmKBSn7
15:17:20.595,8992514122.000000,ddb0c2d3471f,nxf-bQCEmlIiekPOOtkHpYmKBSn7
15:17:21.095,8992514122.000000,ddb0c2d3471f,nxf-bQCEmlIiekPOOtkHpYmKBSn7
15:17:21.595,8992514122.000000,ddb0c2d3471f,nxf-bQCEmlIiekPOOtkHpYmKBSn7
15:17:22.095,8992514122.000000,ddb0c2d3471f,nxf-bQCEmlIiekPOOtkHpYmKBSn7
15:17:22.595,8992514122.000000,ddb0c2d3471f,nxf-bQCEmlIiekPOOtkHpYmKBSn7
15:17:23.095,8992514122.000000,ddb0c2d3471f,nxf-bQCEmlIiekPOOtkHpYmKBSn7
15:17:23.595,8992514122.000000,ddb0c2d3471f,nxf-bQCEmlIiekPOOtkHpYmKBSn7
15:17:24.095,8992514122.000000,ddb0c2d3471f,nxf-bQCEmlIiekPOOtkHpYmKBSn7
15:17:24.595,8992514122.000000,ddb0c2d3471f,nxf-bQCEmlIiekPOOtkHpYmKBSn7
15:17:25.095,8992514122.000000,ddb0c2d3471f,nxf-bQCEmlIiekPOOtkHpYmKBSn7
15:17:25.595,8992514122.000000,ddb0c2d3471f,nxf-bQCEmlIiekPOOtkHpYmKBSn7
15:17:26.095,8992514122.000000,ddb0c2d3471f,nxf-bQCEmlIiekPOOtkHpYmKBSn7
15:17:26.595,8992514122.000000,ddb0c2d3471f,nxf-bQCEmlIiekPOOtkHpYmKBSn7
15:17:27.095,8992514122.000000,ddb0c2d3471f,nxf-bQCEmlIiekPOOtkHpYmKBSn7
15:16:47.592,100384532.000000,0cc691d220d8,nxf-6NsMcpYNvIhqIRPUkkVmSPjV
15:16:48.092,100384532.000000,0cc691d220d8,nxf-6NsMcpYNvIhqIRPUkkVmSPjV
15:16:48.592,100384532.000000,0cc691d220d8,nxf-6NsMcpYNvIhqIRPUkkVmSPjV
15:16:49.092,100384532.000000,0cc691d220d8,nxf-6NsMcpYNvIhqIRPUkkVmSPjV
15:16:49.592,100384532.000000,0cc691d220d8,nxf-6NsMcpYNvIhqIRPUkkVmSPjV
15:16:50.092,100384532.000000,0cc691d220d8,nxf-6NsMcpYNvIhqIRPUkkVmSPjV
15:16:50.592,100384532.000000,0cc691d220d8,nxf-6NsMcpYNvIhqIRPUkkVmSPjV
15:16:51.092,100384532.000000,0cc691d220d8,nxf-6NsMcpYNvIhqIRPUkkVmSPjV
15:16:51.592,100384532.000000,0cc691d220d8,nxf-6NsMcpYNvIhqIRPUkkVmSPjV
15:16:52.092,100384532.000000,0cc691d220d8,nxf-6NsMcpYNvIhqIRPUkkVmSPjV
15:16:52.592,100384532.000000,0cc691d220d8,nxf-6NsMcpYNvIhqIRPUkkVmSPjV
15:16:53.092,100384532.000000,0cc691d220d8,nxf-6NsMcpYNvIhqIRPUkkVmSPjV
15:16:53.592,100384532.000000,0cc691d220d8,nxf-6NsMcpYNvIhqIRPUkkVmSPjV
15:16:54.092,100384532.000000,0cc691d220d8,nxf-6NsMcpYNvIhqIRPUkkVmSPjV
15:16:54.592,100384532.000000,0cc691d220d8,nxf-6NsMcpYNvIhqIRPUkkVmSPjV
15:16:55.092,100384532.000000,0cc691d220d8,nxf-6NsMcpYNvIhqIRPUkkVmSPjV
15:16:55.592,100384532.000000,0cc691d220d8,nxf-6NsMcpYNvIhqIRPUkkVmSPjV
15:16:56.092,100384532.000000,0cc691d220d8,nxf-6NsMcpYNvIhqIRPUkkVmSPjV
15:16:56.592,100384532.000000,0cc691d220d8,nxf-6NsMcpYNvIhqIRPUkkVmSPjV
15:16:57.092,100384532.000000,0cc691d220d8,nxf-6NsMcpYNvIhqIRPUkkVmSPjV
15:16:57.592,100384532.000000,0cc691d220d8,nxf-6NsMcpYNvIhqIRPUkkVmSPjV
15:16:58.092,100384532.000000,0cc691d220d8,nxf-6NsMcpYNvIhqIRPUkkVmSPjV
15:16:58.592,100384532.000000,0cc691d220d8,nxf-6NsMcpYNvIhqIRPUkkVmSPjV
15:16:59.092,100384532.000000,0cc691d220d8,nxf-6NsMcpYNvIhqIRPUkkVmSPjV
15:16:59.592,100384532.000000,0cc691d220d8,nxf-6NsMcpYNvIhqIRPUkkVmSPjV
15:17:00.092,100384532.000000,0cc691d220d8,nxf-6NsMcpYNvIhqIRPUkkVmSPjV
15:17:00.592,100384532.000000,0cc691d220d8,nxf-6NsMcpYNvIhqIRPUkkVmSPjV
15:17:01.092,100384532.000000,0cc691d220d8,nxf-6NsMcpYNvIhqIRPUkkVmSPjV
15:17:01.592,100384532.000000,0cc691d220d8,nxf-6NsMcpYNvIhqIRPUkkVmSPjV
15:17:02.092,100384532.000000,0cc691d220d8,nxf-6NsMcpYNvIhqIRPUkkVmSPjV
15:17:02.592,100384532.000000,0cc691d220d8,nxf-6NsMcpYNvIhqIRPUkkVmSPjV
15:17:03.092,100384532.000000,0cc691d220d8,nxf-6NsMcpYNvIhqIRPUkkVmSPjV
15:17:03.592,100384532.000000,0cc691d220d8,nxf-6NsMcpYNvIhqIRPUkkVmSPjV
15:17:04.092,100384532.000000,0cc691d220d8,nxf-6NsMcpYNvIhqIRPUkkVmSPjV
15:17:04.592,100384532.000000,0cc691d220d8,nxf-6NsMcpYNvIhqIRPUkkVmSPjV
15:17:05.092,100384532.000000,0cc691d220d8,nxf-6NsMcpYNvIhqIRPUkkVmSPjV
15:17:05.592,100384532.000000,0cc691d220d8,nxf-6NsMcpYNvIhqIRPUkkVmSPjV
15:17:06.092,100384532.000000,0cc691d220d8,nxf-6NsMcpYNvIhqIRPUkkVmSPjV
15:17:06.592,100384532.000000,0cc691d220d8,nxf-6NsMcpYNvIhqIRPUkkVmSPjV
15:17:07.092,100384532.000000,0cc691d220d8,nxf-6NsMcpYNvIhqIRPUkkVmSPjV
15:17:07.592,100384532.000000,0cc691d220d8,nxf-6NsMcpYNvIhqIRPUkkVmSPjV
15:17:08.092,100384532.000000,0cc691d220d8,nxf-6NsMcpYNvIhqIRPUkkVmSPjV
15:17:08.592,100384532.000000,0cc691d220d8,nxf-6NsMcpYNvIhqIRPUkkVmSPjV
15:17:09.092,100384532.000000,0cc691d220d8,nxf-6NsMcpYNvIhqIRPUkkVmSPjV
15:17:09.592,100384532.000000,0cc691d220d8,nxf-6NsMcpYNvIhqIRPUkkVmSPjV
15:17:10.092,100384532.000000,0cc691d220d8,nxf-6NsMcpYNvIhqIRPUkkVmSPjV
15:17:10.592,100384532.000000,0cc691d220d8,nxf-6NsMcpYNvIhqIRPUkkVmSPjV
15:17:11.092,100384532.000000,0cc691d220d8,nxf-6NsMcpYNvIhqIRPUkkVmSPjV
15:17:11.592,100384532.000000,0cc691d220d8,nxf-6NsMcpYNvIhqIRPUkkVmSPjV
15:17:12.092,100384532.000000,0cc691d220d8,nxf-6NsMcpYNvIhqIRPUkkVmSPjV
15:17:12.592,100384532.000000,0cc691d220d8,nxf-6NsMcpYNvIhqIRPUkkVmSPjV
15:17:13.092,100384532.000000,0cc691d220d8,nxf-6NsMcpYNvIhqIRPUkkVmSPjV
15:17:13.592,100384532.000000,0cc691d220d8,nxf-6NsMcpYNvIhqIRPUkkVmSPjV
15:17:14.092,100384532.000000,0cc691d220d8,nxf-6NsMcpYNvIhqIRPUkkVmSPjV
15:17:14.592,100384532.000000,0cc691d220d8,nxf-6NsMcpYNvIhqIRPUkkVmSPjV
15:17:15.092,100384532.000000,0cc691d220d8,nxf-6NsMcpYNvIhqIRPUkkVmSPjV
15:17:15.592,100384532.000000,0cc691d220d8,nxf-6NsMcpYNvIhqIRPUkkVmSPjV
15:17:16.092,100384532.000000,0cc691d220d8,nxf-6NsMcpYNvIhqIRPUkkVmSPjV
15:17:16.592,100384532.000000,0cc691d220d8,nxf-6NsMcpYNvIhqIRPUkkVmSPjV
15:17:17.092,100384532.000000,0cc691d220d8,nxf-6NsMcpYNvIhqIRPUkkVmSPjV
15:17:17.592,100384532.000000,0cc691d220d8,nxf-6NsMcpYNvIhqIRPUkkVmSPjV
15:17:18.092,100384532.000000,0cc691d220d8,nxf-6NsMcpYNvIhqIRPUkkVmSPjV
15:17:18.592,100384532.000000,0cc691d220d8,nxf-6NsMcpYNvIhqIRPUkkVmSPjV
15:17:19.092,100384532.000000,0cc691d220d8,nxf-6NsMcpYNvIhqIRPUkkVmSPjV
15:17:19.592,100384532.000000,0cc691d220d8,nxf-6NsMcpYNvIhqIRPUkkVmSPjV
15:17:20.092,100384532.000000,0cc691d220d8,nxf-6NsMcpYNvIhqIRPUkkVmSPjV
15:17:20.592,100384532.000000,0cc691d220d8,nxf-6NsMcpYNvIhqIRPUkkVmSPjV
15:17:21.092,100384532.000000,0cc691d220d8,nxf-6NsMcpYNvIhqIRPUkkVmSPjV
15:17:21.592,100384532.000000,0cc691d220d8,nxf-6NsMcpYNvIhqIRPUkkVmSPjV
15:17:22.092,100384532.000000,0cc691d220d8,nxf-6NsMcpYNvIhqIRPUkkVmSPjV
15:17:22.592,100384532.000000,0cc691d220d8,nxf-6NsMcpYNvIhqIRPUkkVmSPjV
15:17:23.092,100384532.000000,0cc691d220d8,nxf-6NsMcpYNvIhqIRPUkkVmSPjV
15:17:23.592,100384532.000000,0cc691d220d8,nxf-6NsMcpYNvIhqIRPUkkVmSPjV
15:17:24.092,100384532.000000,0cc691d220d8,nxf-6NsMcpYNvIhqIRPUkkVmSPjV
15:17:24.592,100384532.000000,0cc691d220d8,nxf-6NsMcpYNvIhqIRPUkkVmSPjV
15:17:25.092,100384532.000000,0cc691d220d8,nxf-6NsMcpYNvIhqIRPUkkVmSPjV
15:17:25.592,100384532.000000,0cc691d220d8,nxf-6NsMcpYNvIhqIRPUkkVmSPjV
15:17:26.092,100384532.000000,0cc691d220d8,nxf-6NsMcpYNvIhqIRPUkkVmSPjV
15:17:26.592,100384532.000000,0cc691d220d8,nxf-6NsMcpYNvIhqIRPUkkVmSPjV
15:17:27.092,100384532.000000,0cc691d220d8,nxf-6NsMcpYNvIhqIRPUkkVmSPjV
15:16:47.592,101092567.000000,5756dad5e7b0,nxf-i3k55HVSqlStQlJ9rLveDORE
15:16:48.092,101092567.000000,5756dad5e7b0,nxf-i3k55HVSqlStQlJ9rLveDORE
15:16:48.592,101092567.000000,5756dad5e7b0,nxf-i3k55HVSqlStQlJ9rLveDORE
15:16:49.092,101092567.000000,5756dad5e7b0,nxf-i3k55HVSqlStQlJ9rLveDORE
15:16:49.592,101092567.000000,5756dad5e7b0,nxf-i3k55HVSqlStQlJ9rLveDORE
15:16:50.092,101092567.000000,5756dad5e7b0,nxf-i3k55HVSqlStQlJ9rLveDORE
15:16:50.592,101092567.000000,5756dad5e7b0,nxf-i3k55HVSqlStQlJ9rLveDORE
15:16:51.092,101092567.000000,5756dad5e7b0,nxf-i3k55HVSqlStQlJ9rLveDORE
15:16:51.592,101092567.000000,5756dad5e7b0,nxf-i3k55HVSqlStQlJ9rLveDORE
15:16:52.092,101092567.000000,5756dad5e7b0,nxf-i3k55HVSqlStQlJ9rLveDORE
15:16:52.592,101092567.000000,5756dad5e7b0,nxf-i3k55HVSqlStQlJ9rLveDORE
15:16:53.092,101092567.000000,5756dad5e7b0,nxf-i3k55HVSqlStQlJ9rLveDORE
15:16:53.592,101092567.000000,5756dad5e7b0,nxf-i3k55HVSqlStQlJ9rLveDORE
15:16:54.092,101092567.000000,5756dad5e7b0,nxf-i3k55HVSqlStQlJ9rLveDORE
15:16:54.592,101092567.000000,5756dad5e7b0,nxf-i3k55HVSqlStQlJ9rLveDORE
15:16:55.092,101092567.000000,5756dad5e7b0,nxf-i3k55HVSqlStQlJ9rLveDORE
15:16:55.592,101092567.000000,5756dad5e7b0,nxf-i3k55HVSqlStQlJ9rLveDORE
15:16:56.092,101092567.000000,5756dad5e7b0,nxf-i3k55HVSqlStQlJ9rLveDORE
15:16:56.592,101092567.000000,5756dad5e7b0,nxf-i3k55HVSqlStQlJ9rLveDORE
15:16:57.092,101092567.000000,5756dad5e7b0,nxf-i3k55HVSqlStQlJ9rLveDORE
15:16:57.592,101092567.000000,5756dad5e7b0,nxf-i3k55HVSqlStQlJ9rLveDORE
15:16:58.092,101092567.000000,5756dad5e7b0,nxf-i3k55HVSqlStQlJ9rLveDORE
15:16:58.592,101092567.000000,5756dad5e7b0,nxf-i3k55HVSqlStQlJ9rLveDORE
15:16:59.092,101092567.000000,5756dad5e7b0,nxf-i3k55HVSqlStQlJ9rLveDORE
15:16:59.592,101092567.000000,5756dad5e7b0,nxf-i3k55HVSqlStQlJ9rLveDORE
15:17:00.092,101092567.000000,5756dad5e7b0,nxf-i3k55HVSqlStQlJ9rLveDORE
15:17:00.592,101092567.000000,5756dad5e7b0,nxf-i3k55HVSqlStQlJ9rLveDORE
15:17:01.092,101092567.000000,5756dad5e7b0,nxf-i3k55HVSqlStQlJ9rLveDORE
15:17:01.592,101092567.000000,5756dad5e7b0,nxf-i3k55HVSqlStQlJ9rLveDORE
15:17:02.092,101092567.000000,5756dad5e7b0,nxf-i3k55HVSqlStQlJ9rLveDORE
15:17:02.592,101092567.000000,5756dad5e7b0,nxf-i3k55HVSqlStQlJ9rLveDORE
15:17:03.092,101092567.000000,5756dad5e7b0,nxf-i3k55HVSqlStQlJ9rLveDORE
15:17:03.592,101092567.000000,5756dad5e7b0,nxf-i3k55HVSqlStQlJ9rLveDORE
15:17:04.092,101092567.000000,5756dad5e7b0,nxf-i3k55HVSqlStQlJ9rLveDORE
15:17:04.592,101092567.000000,5756dad5e7b0,nxf-i3k55HVSqlStQlJ9rLveDORE
15:17:05.092,101092567.000000,5756dad5e7b0,nxf-i3k55HVSqlStQlJ9rLveDORE
15:17:05.592,101092567.000000,5756dad5e7b0,nxf-i3k55HVSqlStQlJ9rLveDORE
15:17:06.092,101092567.000000,5756dad5e7b0,nxf-i3k55HVSqlStQlJ9rLveDORE
15:17:06.592,101092567.000000,5756dad5e7b0,nxf-i3k55HVSqlStQlJ9rLveDORE
15:17:07.092,101092567.000000,5756dad5e7b0,nxf-i3k55HVSqlStQlJ9rLveDORE
15:17:07.592,101092567.000000,5756dad5e7b0,nxf-i3k55HVSqlStQlJ9rLveDORE
15:17:08.092,101092567.000000,5756dad5e7b0,nxf-i3k55HVSqlStQlJ9rLveDORE
15:17:08.592,101092567.000000,5756dad5e7b0,nxf-i3k55HVSqlStQlJ9rLveDORE
15:17:09.092,101092567.000000,5756dad5e7b0,nxf-i3k55HVSqlStQlJ9rLveDORE
15:17:09.592,101092567.000000,5756dad5e7b0,nxf-i3k55HVSqlStQlJ9rLveDORE
15:17:10.092,101092567.000000,5756dad5e7b0,nxf-i3k55HVSqlStQlJ9rLveDORE
15:17:10.592,101092567.000000,5756dad5e7b0,nxf-i3k55HVSqlStQlJ9rLveDORE
15:17:11.092,101092567.000000,5756dad5e7b0,nxf-i3k55HVSqlStQlJ9rLveDORE
15:17:11.592,101092567.000000,5756dad5e7b0,nxf-i3k55HVSqlStQlJ9rLveDORE
15:17:12.092,101092567.000000,5756dad5e7b0,nxf-i3k55HVSqlStQlJ9rLveDORE
15:17:12.592,101092567.000000,5756dad5e7b0,nxf-i3k55HVSqlStQlJ9rLveDORE
15:17:13.092,101092567.000000,5756dad5e7b0,nxf-i3k55HVSqlStQlJ9rLveDORE
15:17:13.592,101092567.000000,5756dad5e7b0,nxf-i3k55HVSqlStQlJ9rLveDORE
15:17:14.092,101092567.000000,5756dad5e7b0,nxf-i3k55HVSqlStQlJ9rLveDORE
15:17:14.592,101092567.000000,5756dad5e7b0,nxf-i3k55HVSqlStQlJ9rLveDORE
15:17:15.092,101092567.000000,5756dad5e7b0,nxf-i3k55HVSqlStQlJ9rLveDORE
15:17:15.592,101092567.000000,5756dad5e7b0,nxf-i3k55HVSqlStQlJ9rLveDORE
15:17:16.092,101092567.000000,5756dad5e7b0,nxf-i3k55HVSqlStQlJ9rLveDORE
15:17:16.592,101092567.000000,5756dad5e7b0,nxf-i3k55HVSqlStQlJ9rLveDORE
15:17:17.092,101092567.000000,5756dad5e7b0,nxf-i3k55HVSqlStQlJ9rLveDORE
15:17:17.592,101092567.000000,5756dad5e7b0,nxf-i3k55HVSqlStQlJ9rLveDORE
15:17:18.092,101092567.000000,5756dad5e7b0,nxf-i3k55HVSqlStQlJ9rLveDORE
15:17:18.592,101092567.000000,5756dad5e7b0,nxf-i3k55HVSqlStQlJ9rLveDORE
15:17:19.092,101092567.000000,5756dad5e7b0,nxf-i3k55HVSqlStQlJ9rLveDORE
15:17:19.592,101092567.000000,5756dad5e7b0,nxf-i3k55HVSqlStQlJ9rLveDORE
15:17:20.092,101092567.000000,5756dad5e7b0,nxf-i3k55HVSqlStQlJ9rLveDORE
15:17:20.592,101092567.000000,5756dad5e7b0,nxf-i3k55HVSqlStQlJ9rLveDORE
15:17:21.092,101092567.000000,5756dad5e7b0,nxf-i3k55HVSqlStQlJ9rLveDORE
15:17:21.592,101092567.000000,5756dad5e7b0,nxf-i3k55HVSqlStQlJ9rLveDORE
15:17:22.092,101092567.000000,5756dad5e7b0,nxf-i3k55HVSqlStQlJ9rLveDORE
15:17:22.592,101092567.000000,5756dad5e7b0,nxf-i3k55HVSqlStQlJ9rLveDORE
15:17:23.092,101092567.000000,5756dad5e7b0,nxf-i3k55HVSqlStQlJ9rLveDORE
15:17:23.592,101092567.000000,5756dad5e7b0,nxf-i3k55HVSqlStQlJ9rLveDORE
15:17:24.092,101092567.000000,5756dad5e7b0,nxf-i3k55HVSqlStQlJ9rLveDORE
15:17:24.592,101092567.000000,5756dad5e7b0,nxf-i3k55HVSqlStQlJ9rLveDORE
15:17:25.092,101092567.000000,5756dad5e7b0,nxf-i3k55HVSqlStQlJ9rLveDORE
15:17:25.592,101092567.000000,5756dad5e7b0,nxf-i3k55HVSqlStQlJ9rLveDORE
15:17:26.092,101092567.000000,5756dad5e7b0,nxf-i3k55HVSqlStQlJ9rLveDORE
15:17:26.592,101092567.000000,5756dad5e7b0,nxf-i3k55HVSqlStQlJ9rLveDORE
15:17:27.092,101092567.000000,5756dad5e7b0,nxf-i3k55HVSqlStQlJ9rLveDORE
15:16:53.184,69202580.000000,46156cbf84c0,nxf-l4UOQ6vq023FfdVkhpq6uhFB
15:16:53.684,69202580.000000,46156cbf84c0,nxf-l4UOQ6vq023FfdVkhpq6uhFB
15:16:54.184,69202580.000000,46156cbf84c0,nxf-l4UOQ6vq023FfdVkhpq6uhFB
15:16:54.684,120173266850.000000,46156cbf84c0,nxf-l4UOQ6vq023FfdVkhpq6uhFB
15:16:55.184,120173266850.000000,46156cbf84c0,nxf-l4UOQ6vq023FfdVkhpq6uhFB
15:16:55.684,120173266850.000000,46156cbf84c0,nxf-l4UOQ6vq023FfdVkhpq6uhFB
15:16:56.184,24210675593.000000,46156cbf84c0,nxf-l4UOQ6vq023FfdVkhpq6uhFB
15:16:56.684,24210675593.000000,46156cbf84c0,nxf-l4UOQ6vq023FfdVkhpq6uhFB
15:16:57.184,60224269779.000000,46156cbf84c0,nxf-l4UOQ6vq023FfdVkhpq6uhFB
15:16:57.684,60224269779.000000,46156cbf84c0,nxf-l4UOQ6vq023FfdVkhpq6uhFB
15:16:58.184,60224269779.000000,46156cbf84c0,nxf-l4UOQ6vq023FfdVkhpq6uhFB
15:16:58.684,37855003270.000000,46156cbf84c0,nxf-l4UOQ6vq023FfdVkhpq6uhFB
15:16:59.184,37855003270.000000,46156cbf84c0,nxf-l4UOQ6vq023FfdVkhpq6uhFB
15:16:59.684,37855003270.000000,46156cbf84c0,nxf-l4UOQ6vq023FfdVkhpq6uhFB
15:17:00.184,18069155578.000000,46156cbf84c0,nxf-l4UOQ6vq023FfdVkhpq6uhFB
15:17:00.684,18069155578.000000,46156cbf84c0,nxf-l4UOQ6vq023FfdVkhpq6uhFB
15:17:01.184,18069155578.000000,46156cbf84c0,nxf-l4UOQ6vq023FfdVkhpq6uhFB
15:17:01.684,51826662206.000000,46156cbf84c0,nxf-l4UOQ6vq023FfdVkhpq6uhFB
15:17:02.184,51826662206.000000,46156cbf84c0,nxf-l4UOQ6vq023FfdVkhpq6uhFB
15:17:02.684,119578135734.000000,46156cbf84c0,nxf-l4UOQ6vq023FfdVkhpq6uhFB
15:17:03.184,119578135734.000000,46156cbf84c0,nxf-l4UOQ6vq023FfdVkhpq6uhFB
15:17:03.684,119578135734.000000,46156cbf84c0,nxf-l4UOQ6vq023FfdVkhpq6uhFB
15:17:04.184,105034410810.000000,46156cbf84c0,nxf-l4UOQ6vq023FfdVkhpq6uhFB
15:17:04.684,105034410810.000000,46156cbf84c0,nxf-l4UOQ6vq023FfdVkhpq6uhFB
15:17:05.184,105034410810.000000,46156cbf84c0,nxf-l4UOQ6vq023FfdVkhpq6uhFB
15:17:05.684,174880615261.000000,46156cbf84c0,nxf-l4UOQ6vq023FfdVkhpq6uhFB
15:17:06.184,174880615261.000000,46156cbf84c0,nxf-l4UOQ6vq023FfdVkhpq6uhFB
15:17:06.684,69539524859.000000,46156cbf84c0,nxf-l4UOQ6vq023FfdVkhpq6uhFB
15:17:07.184,69539524859.000000,46156cbf84c0,nxf-l4UOQ6vq023FfdVkhpq6uhFB
15:17:07.684,69539524859.000000,46156cbf84c0,nxf-l4UOQ6vq023FfdVkhpq6uhFB
15:17:08.184,25012552943.000000,46156cbf84c0,nxf-l4UOQ6vq023FfdVkhpq6uhFB
15:17:08.684,25012552943.000000,46156cbf84c0,nxf-l4UOQ6vq023FfdVkhpq6uhFB
15:17:09.184,67144295039.000000,46156cbf84c0,nxf-l4UOQ6vq023FfdVkhpq6uhFB
15:17:09.684,67144295039.000000,46156cbf84c0,nxf-l4UOQ6vq023FfdVkhpq6uhFB
15:17:10.184,67144295039.000000,46156cbf84c0,nxf-l4UOQ6vq023FfdVkhpq6uhFB
15:17:10.684,863546733.000000,46156cbf84c0,nxf-l4UOQ6vq023FfdVkhpq6uhFB
15:17:11.184,863546733.000000,46156cbf84c0,nxf-l4UOQ6vq023FfdVkhpq6uhFB
15:17:11.684,863546733.000000,46156cbf84c0,nxf-l4UOQ6vq023FfdVkhpq6uhFB
15:17:12.184,863546733.000000,46156cbf84c0,nxf-l4UOQ6vq023FfdVkhpq6uhFB
15:17:12.684,863546733.000000,46156cbf84c0,nxf-l4UOQ6vq023FfdVkhpq6uhFB
15:17:13.184,863546733.000000,46156cbf84c0,nxf-l4UOQ6vq023FfdVkhpq6uhFB
15:17:13.684,863546733.000000,46156cbf84c0,nxf-l4UOQ6vq023FfdVkhpq6uhFB
15:17:14.184,863546733.000000,46156cbf84c0,nxf-l4UOQ6vq023FfdVkhpq6uhFB
15:17:14.684,863546733.000000,46156cbf84c0,nxf-l4UOQ6vq023FfdVkhpq6uhFB
15:17:15.184,863546733.000000,46156cbf84c0,nxf-l4UOQ6vq023FfdVkhpq6uhFB
15:17:15.684,863546733.000000,46156cbf84c0,nxf-l4UOQ6vq023FfdVkhpq6uhFB
15:17:16.184,863546733.000000,46156cbf84c0,nxf-l4UOQ6vq023FfdVkhpq6uhFB
15:17:16.684,863546733.000000,46156cbf84c0,nxf-l4UOQ6vq023FfdVkhpq6uhFB
15:17:17.184,863546733.000000,46156cbf84c0,nxf-l4UOQ6vq023FfdVkhpq6uhFB
15:17:17.684,863546733.000000,46156cbf84c0,nxf-l4UOQ6vq023FfdVkhpq6uhFB
15:17:18.184,863546733.000000,46156cbf84c0,nxf-l4UOQ6vq023FfdVkhpq6uhFB
15:17:18.684,863546733.000000,46156cbf84c0,nxf-l4UOQ6vq023FfdVkhpq6uhFB
15:17:19.184,863546733.000000,46156cbf84c0,nxf-l4UOQ6vq023FfdVkhpq6uhFB
15:17:19.684,863546733.000000,46156cbf84c0,nxf-l4UOQ6vq023FfdVkhpq6uhFB
15:17:20.184,863546733.000000,46156cbf84c0,nxf-l4UOQ6vq023FfdVkhpq6uhFB
15:17:20.684,863546733.000000,46156cbf84c0,nxf-l4UOQ6vq023FfdVkhpq6uhFB
15:17:21.184,863546733.000000,46156cbf84c0,nxf-l4UOQ6vq023FfdVkhpq6uhFB
15:17:21.684,863546733.000000,46156cbf84c0,nxf-l4UOQ6vq023FfdVkhpq6uhFB
15:17:22.184,863546733.000000,46156cbf84c0,nxf-l4UOQ6vq023FfdVkhpq6uhFB
15:17:22.684,863546733.000000,46156cbf84c0,nxf-l4UOQ6vq023FfdVkhpq6uhFB
15:17:23.184,863546733.000000,46156cbf84c0,nxf-l4UOQ6vq023FfdVkhpq6uhFB
15:17:23.684,863546733.000000,46156cbf84c0,nxf-l4UOQ6vq023FfdVkhpq6uhFB
15:17:24.184,863546733.000000,46156cbf84c0,nxf-l4UOQ6vq023FfdVkhpq6uhFB
15:17:24.684,863546733.000000,46156cbf84c0,nxf-l4UOQ6vq023FfdVkhpq6uhFB
15:17:25.184,863546733.000000,46156cbf84c0,nxf-l4UOQ6vq023FfdVkhpq6uhFB
15:17:25.684,863546733.000000,46156cbf84c0,nxf-l4UOQ6vq023FfdVkhpq6uhFB
15:17:26.184,863546733.000000,46156cbf84c0,nxf-l4UOQ6vq023FfdVkhpq6uhFB
15:17:26.684,863546733.000000,46156cbf84c0,nxf-l4UOQ6vq023FfdVkhpq6uhFB
15:17:27.184,863546733.000000,46156cbf84c0,nxf-l4UOQ6vq023FfdVkhpq6uhFB
15:17:27.684,863546733.000000,46156cbf84c0,nxf-l4UOQ6vq023FfdVkhpq6uhFB
15:17:28.184,863546733.000000,46156cbf84c0,nxf-l4UOQ6vq023FfdVkhpq6uhFB
15:17:28.684,863546733.000000,46156cbf84c0,nxf-l4UOQ6vq023FfdVkhpq6uhFB
15:17:29.184,863546733.000000,46156cbf84c0,nxf-l4UOQ6vq023FfdVkhpq6uhFB
15:17:29.684,863546733.000000,46156cbf84c0,nxf-l4UOQ6vq023FfdVkhpq6uhFB
15:17:30.184,863546733.000000,46156cbf84c0,nxf-l4UOQ6vq023FfdVkhpq6uhFB
15:17:30.684,863546733.000000,46156cbf84c0,nxf-l4UOQ6vq023FfdVkhpq6uhFB
15:17:31.184,863546733.000000,46156cbf84c0,nxf-l4UOQ6vq023FfdVkhpq6uhFB
15:17:31.684,863546733.000000,46156cbf84c0,nxf-l4UOQ6vq023FfdVkhpq6uhFB
15:17:32.184,863546733.000000,46156cbf84c0,nxf-l4UOQ6vq023FfdVkhpq6uhFB
15:17:32.684,863546733.000000,46156cbf84c0,nxf-l4UOQ6vq023FfdVkhpq6uhFB
15:17:33.184,863546733.000000,46156cbf84c0,nxf-l4UOQ6vq023FfdVkhpq6uhFB
15:17:33.684,863546733.000000,46156cbf84c0,nxf-l4UOQ6vq023FfdVkhpq6uhFB
15:17:34.184,863546733.000000,46156cbf84c0,nxf-l4UOQ6vq023FfdVkhpq6uhFB
15:17:34.684,863546733.000000,46156cbf84c0,nxf-l4UOQ6vq023FfdVkhpq6uhFB
15:17:35.184,863546733.000000,46156cbf84c0,nxf-l4UOQ6vq023FfdVkhpq6uhFB
15:17:35.684,863546733.000000,46156cbf84c0,nxf-l4UOQ6vq023FfdVkhpq6uhFB
15:17:36.184,863546733.000000,46156cbf84c0,nxf-l4UOQ6vq023FfdVkhpq6uhFB
15:17:36.684,863546733.000000,46156cbf84c0,nxf-l4UOQ6vq023FfdVkhpq6uhFB
15:17:37.184,863546733.000000,46156cbf84c0,nxf-l4UOQ6vq023FfdVkhpq6uhFB
15:17:37.684,863546733.000000,46156cbf84c0,nxf-l4UOQ6vq023FfdVkhpq6uhFB
15:17:38.184,863546733.000000,46156cbf84c0,nxf-l4UOQ6vq023FfdVkhpq6uhFB
15:17:38.684,863546733.000000,46156cbf84c0,nxf-l4UOQ6vq023FfdVkhpq6uhFB
15:17:39.184,863546733.000000,46156cbf84c0,nxf-l4UOQ6vq023FfdVkhpq6uhFB
15:17:39.684,863546733.000000,46156cbf84c0,nxf-l4UOQ6vq023FfdVkhpq6uhFB
15:17:40.184,863546733.000000,46156cbf84c0,nxf-l4UOQ6vq023FfdVkhpq6uhFB
15:17:40.684,863546733.000000,46156cbf84c0,nxf-l4UOQ6vq023FfdVkhpq6uhFB
15:17:41.184,863546733.000000,46156cbf84c0,nxf-l4UOQ6vq023FfdVkhpq6uhFB
15:17:41.684,863546733.000000,46156cbf84c0,nxf-l4UOQ6vq023FfdVkhpq6uhFB
15:17:42.184,863546733.000000,46156cbf84c0,nxf-l4UOQ6vq023FfdVkhpq6uhFB
15:17:42.684,863546733.000000,46156cbf84c0,nxf-l4UOQ6vq023FfdVkhpq6uhFB
15:17:43.184,863546733.000000,46156cbf84c0,nxf-l4UOQ6vq023FfdVkhpq6uhFB
15:17:43.684,863546733.000000,46156cbf84c0,nxf-l4UOQ6vq023FfdVkhpq6uhFB
15:17:44.184,863546733.000000,46156cbf84c0,nxf-l4UOQ6vq023FfdVkhpq6uhFB
15:17:44.684,863546733.000000,46156cbf84c0,nxf-l4UOQ6vq023FfdVkhpq6uhFB
15:17:45.184,863546733.000000,46156cbf84c0,nxf-l4UOQ6vq023FfdVkhpq6uhFB
15:17:45.684,863546733.000000,46156cbf84c0,nxf-l4UOQ6vq023FfdVkhpq6uhFB
15:17:46.184,863546733.000000,46156cbf84c0,nxf-l4UOQ6vq023FfdVkhpq6uhFB
15:17:46.684,863546733.000000,46156cbf84c0,nxf-l4UOQ6vq023FfdVkhpq6uhFB
15:17:47.184,863546733.000000,46156cbf84c0,nxf-l4UOQ6vq023FfdVkhpq6uhFB
15:17:47.684,863546733.000000,46156cbf84c0,nxf-l4UOQ6vq023FfdVkhpq6uhFB
15:17:48.184,863546733.000000,46156cbf84c0,nxf-l4UOQ6vq023FfdVkhpq6uhFB
15:17:48.684,863546733.000000,46156cbf84c0,nxf-l4UOQ6vq023FfdVkhpq6uhFB
15:17:49.184,863546733.000000,46156cbf84c0,nxf-l4UOQ6vq023FfdVkhpq6uhFB
15:17:49.684,863546733.000000,46156cbf84c0,nxf-l4UOQ6vq023FfdVkhpq6uhFB
15:17:50.184,863546733.000000,46156cbf84c0,nxf-l4UOQ6vq023FfdVkhpq6uhFB
15:17:50.684,863546733.000000,46156cbf84c0,nxf-l4UOQ6vq023FfdVkhpq6uhFB
15:17:51.184,863546733.000000,46156cbf84c0,nxf-l4UOQ6vq023FfdVkhpq6uhFB
